strategy,rule_size,rule,matched,true_positive,false_positive,precision,recall,total_positive,base_rate,precision_lift_vs_base,score
T1/S01,1,fisher_9 >= 2.6333,9376,189,9187,0.020157849829351537,0.5013262599469496,377,0.002634576545979301,7.6512674722300185,0.010105659463521061
T1/S01,2,fisher_9 >= 2.6333 AND ema_21_slope_4 >= 1.3379,4846,133,4713,0.027445315724308708,0.35278514588859416,377,0.002634576545979301,10.417353698146957,0.009682299711758775
T1/S01,1,fisher_14 >= 2.8132,10175,189,9986,0.018574938574938575,0.5013262599469496,377,0.002634576545979301,7.0504455842386875,0.009312104484518278
T1/S01,3,fisher_14 >= 2.8132 AND fisher_9 >= 2.6333 AND ema_21_slope_4 >= 1.3379,4362,121,4241,0.027739569005043558,0.3209549071618037,377,0.002634576545979301,10.529042721259199,0.008903150794722202
T1/S01,2,fisher_9 >= 2.6333 AND wma_21_slope_4 >= 1.4271,5373,134,5239,0.024939512376698305,0.35543766578249336,377,0.002634576545979301,9.46623183705145,0.00886444206492725
T1/S01,3,fisher_9 >= 2.6333 AND wma_21_slope_4 >= 1.4271 AND ema_21_slope_4 >= 1.3379,4771,124,4647,0.025990358415426535,0.32891246684350134,377,0.002634576545979301,9.865098987194406,0.008548552900564697
T1/S01,2,fisher_14 >= 2.8132 AND fisher_9 >= 2.6333,7865,159,7706,0.02021614748887476,0.4217506631299735,377,0.002634576545979301,7.673395377229474,0.00852617360936628
T1/S01,2,fisher_14 >= 2.8132 AND ema_21_slope_4 >= 1.3379,5286,130,5156,0.024593265228906546,0.3448275862068966,377,0.002634576545979301,9.334807624564561,0.008480436285829843
T1/S01,3,fisher_14 >= 2.8132 AND fisher_9 >= 2.6333 AND wma_21_slope_4 >= 1.4271,4812,124,4688,0.025768911055694097,0.32891246684350134,377,0.002634576545979301,9.781044735641004,0.00847571610319912
T1/S01,2,fisher_14 >= 2.8132 AND wma_21_slope_4 >= 1.4271,5882,135,5747,0.022951377082624957,0.35809018567639256,377,0.002634576545979301,8.711600016955924,0.008218662881046073
T1/S01,2,adx_7_dmn_7 <= 8.3180 AND ema_21_slope_4 >= 1.3379,5469,129,5340,0.023587493143170598,0.3421750663129973,377,0.002634576545979301,8.953049088350884,0.00807105203042177
T1/S01,3,fisher_9 >= 2.6333 AND wma_8_minus_wma_21 >= 1.6044 AND ema_21_slope_4 >= 1.3379,4743,120,4623,0.02530044275774826,0.3183023872679045,377,0.002634576545979301,9.603229329722819,0.008053191328726237
T1/S01,3,fisher_9 >= 2.6333 AND ema_8_slope_4 >= 1.5638 AND ema_21_slope_4 >= 1.3379,4594,118,4476,0.025685676969960818,0.3129973474801061,377,0.002634576545979301,9.749451770213483,0.008039548759828584
T1/S01,3,fisher_9 >= 2.6333 AND adx_7_dmn_7 <= 8.3180 AND ema_21_slope_4 >= 1.3379,3504,103,3401,0.02939497716894977,0.27320954907161804,377,0.002634576545979301,11.157382090040333,0.008030988457299274
T1/S01,3,fisher_9 >= 2.6333 AND close_minus_sma_21 >= 3.5967 AND ema_21_slope_4 >= 1.3379,4568,117,4451,0.025612959719789843,0.3103448275862069,377,0.002634576545979301,9.721850655232805,0.007948849568210641
T1/S01,2,fisher_9 >= 2.6333 AND wma_8_minus_wma_21 >= 1.6044,5913,133,5780,0.022492812447150345,0.35278514588859416,377,0.002634576545979301,8.537543720821944,0.007935130120612722
T1/S01,3,fisher_9 >= 2.6333 AND wma_21_slope_4 >= 1.4271 AND wma_8_minus_wma_21 >= 1.6044,5228,125,5103,0.023909716908951797,0.33156498673740054,377,0.002634576545979301,9.075354802441048,0.007927624969811604
T1/S01,1,adx_7_dmn_7 <= 8.3180,12091,189,11902,0.015631461417583325,0.5013262599469496,377,0.002634576545979301,5.933196908413583,0.00783646208998209
T1/S01,3,fisher_14 >= 2.8132 AND wma_21_slope_4 >= 1.4271 AND ema_21_slope_4 >= 1.3379,5211,124,5087,0.023795816541930533,0.32891246684350134,377,0.002634576545979301,9.032121909020248,0.007826740719361767
T1/S01,2,fisher_9 >= 2.6333 AND close_minus_sma_21 >= 3.5967,5505,127,5378,0.02306993642143506,0.33687002652519893,377,0.002634576545979301,8.75660130529998,0.007771570094223482
T2/S03,3,wma_21_minus_wma_50 >= 4.9460 AND mom_34 >= 15.8350 AND sma_21_minus_sma_50 >= 6.5777,2972,141,2831,0.04744279946164199,0.44339622641509435,318,0.0022222688106668903,21.34881218415907,0.021035958251860127
T2/S03,3,close_minus_sma_50 >= 10.1798 AND mom_34 >= 15.8350 AND sma_21_minus_sma_50 >= 6.5777,3013,140,2873,0.04646531695984069,0.44025157232704404,318,0.0022222688106668903,20.90895427988152,0.020456428850244332
T2/S03,3,ao >= 7.0979 AND mom_34 >= 15.8350 AND sma_21_minus_sma_50 >= 6.5777,2531,127,2404,0.050177795337811144,0.39937106918238996,318,0.0022222688106668903,22.5795345265873,0.020039559773276778
T2/S03,3,wma_21_minus_wma_50 >= 4.9460 AND close_minus_sma_50 >= 10.1798 AND sma_21_minus_sma_50 >= 6.5777,2946,137,2809,0.04650373387644263,0.4308176100628931,318,0.0022222688106668903,20.926241529928653,0.020034627487649816
T2/S03,3,wma_50_slope_4 >= 1.6236 AND mom_34 >= 15.8350 AND sma_21_minus_sma_50 >= 6.5777,3184,141,3043,0.04428391959798995,0.44339622641509435,318,0.0022222688106668903,19.92734604626908,0.019635322840618186
T2/S03,3,wma_21_minus_wma_50 >= 4.9460 AND close_minus_sma_50 >= 10.1798 AND mom_34 >= 15.8350,3502,147,3355,0.04197601370645346,0.46226415094339623,318,0.0022222688106668903,18.88881016777475,0.01940400633600207
T2/S03,2,wma_21_minus_wma_50 >= 4.9460 AND mom_34 >= 15.8350,3747,152,3595,0.040565785962103015,0.4779874213836478,318,0.0022222688106668903,18.254220986852374,0.0193899354284266
T2/S03,3,wma_21_minus_wma_50 >= 4.9460 AND roc_34 >= 0.9005 AND sma_21_minus_sma_50 >= 6.5777,2925,134,2791,0.04581196581196581,0.42138364779874216,318,0.0022222688106668903,20.614952427027898,0.01930441326667742
T2/S03,3,mom_34 >= 15.8350 AND sma_21_minus_sma_50 >= 6.5777 AND sma_21_slope_4 >= 2.1479,2327,119,2208,0.05113880532874946,0.3742138364779874,318,0.0022222688106668903,23.01197995637755,0.01913684853497228
T2/S03,3,wma_50_slope_4 >= 1.6236 AND close_minus_sma_50 >= 10.1798 AND sma_21_minus_sma_50 >= 6.5777,3210,139,3071,0.04330218068535826,0.4371069182389937,318,0.0022222688106668903,19.485572797272674,0.018927682752405025
T2/S03,3,wma_21_minus_wma_50 >= 4.9460 AND wma_50_slope_4 >= 1.6236 AND mom_34 >= 15.8350,3593,147,3446,0.04091288616754801,0.46226415094339623,318,0.0022222688106668903,18.410412804772385,0.018912560586885403
T2/S03,2,close_minus_sma_50 >= 10.1798 AND sma_21_minus_sma_50 >= 6.5777,3275,140,3135,0.042748091603053436,0.44025157232704404,318,0.0022222688106668903,19.236237937490998,0.018819914542224783
T2/S03,3,wma_21_minus_wma_50 >= 4.9460 AND wma_50_slope_4 >= 1.6236 AND sma_21_minus_sma_50 >= 6.5777,3151,137,3014,0.043478260869565216,0.4308176100628931,318,0.0022222688106668903,19.564807219031994,0.018731200437517092
T2/S03,3,roc_34 >= 0.9005 AND close_minus_sma_50 >= 10.1798 AND sma_21_minus_sma_50 >= 6.5777,2972,133,2839,0.04475100942126514,0.41823899371069184,318,0.0022222688106668903,20.137532060235152,0.018716617147887624
T2/S03,3,ao >= 7.0979 AND close_minus_sma_50 >= 10.1798 AND sma_21_minus_sma_50 >= 6.5777,2584,124,2460,0.047987616099071206,0.389937106918239,318,0.0022222688106668903,21.593974531222617,0.01871215218957494
T2/S03,3,wma_21_minus_wma_50 >= 4.9460 AND roc_34 >= 0.9005 AND mom_34 >= 15.8350,3552,145,3407,0.04082207207207207,0.4559748427672956,318,0.0022222688106668903,18.36954731854496,0.01861383789449827
T2/S03,3,wma_21_minus_wma_50 >= 4.9460 AND roc_34 >= 0.9005 AND close_minus_sma_50 >= 10.1798,3425,142,3283,0.04145985401459854,0.44654088050314467,318,0.0022222688106668903,18.656543175871093,0.018513519717210672
T2/S03,2,wma_21_minus_wma_50 >= 4.9460 AND sma_21_minus_sma_50 >= 6.5777,3406,141,3265,0.041397533763945976,0.44339622641509435,318,0.0022222688106668903,18.628499651004333,0.018355510253825102
T2/S03,2,ao >= 7.0979 AND sma_21_minus_sma_50 >= 6.5777,2770,127,2643,0.04584837545126354,0.39937106918238996,318,0.0022222688106668903,20.631336421224713,0.01831051472424676
T2/S03,3,wma_21_minus_wma_50 >= 4.9460 AND ao >= 7.0979 AND sma_21_minus_sma_50 >= 6.5777,2690,125,2565,0.046468401486988845,0.39308176100628933,318,0.0022222688106668903,20.910342287998876,0.018265881087652848
T2/S04,2,roc_20 >= 0.8012 AND wma_21_minus_wma_50 >= 5.2581,2331,160,2171,0.06864006864006864,0.42328042328042326,378,0.0026415648126795113,25.984624079862172,0.029053997307965557
T2/S04,3,roc_20 >= 0.8012 AND wma_21_minus_wma_50 >= 5.2581 AND ema_50_slope_4 >= 1.6458,2012,148,1864,0.073558648111332,0.3915343915343915,378,0.0026415648126795113,27.846618700495437,0.028800740530362794
T2/S04,3,roc_20 >= 0.8012 AND wma_21_minus_wma_50 >= 5.2581 AND wma_50_slope_4 >= 1.9202,2109,151,1958,0.07159791370317686,0.3994708994708995,378,0.0026415648126795113,27.10435623593518,0.0286012829872479
T2/S04,3,sma_21_slope_4 >= 2.6671 AND ema_8_minus_ema_21 >= 3.8125 AND wma_21_minus_wma_50 >= 5.2581,2225,155,2070,0.0696629213483146,0.41005291005291006,378,0.0026415648126795113,26.371838772962366,0.028565483621663397
T2/S04,3,roc_20 >= 0.8012 AND ema_8_minus_ema_21 >= 3.8125 AND wma_21_minus_wma_50 >= 5.2581,1978,146,1832,0.07381193124368049,0.3862433862433862,378,0.0026415648126795113,27.94250244755806,0.02850937026872315
T2/S04,3,ema_8_minus_ema_21 >= 3.8125 AND wma_21_minus_wma_50 >= 5.2581 AND ema_50_slope_4 >= 1.6458,2342,158,2184,0.06746370623398805,0.41798941798941797,378,0.0026415648126795113,25.539296219484093,0.028199115304153734
T2/S04,3,wma_21_minus_wma_50 >= 5.2581 AND mom_20 >= 13.8800 AND wma_50_slope_4 >= 1.9202,2198,153,2045,0.06960873521383075,0.40476190476190477,378,0.0026415648126795113,26.351325880670736,0.028174964253217208
T2/S04,2,wma_21_minus_wma_50 >= 5.2581 AND mom_20 >= 13.8800,2444,161,2283,0.06587561374795417,0.42592592592592593,378,0.0026415648126795113,24.938102382251316,0.028058131781536037
T2/S04,3,ema_8_minus_ema_21 >= 3.8125 AND wma_21_minus_wma_50 >= 5.2581 AND wma_50_slope_4 >= 1.9202,2392,159,2233,0.06647157190635451,0.42063492063492064,378,0.0026415648126795113,25.163710383819076,0.027960264373307852
T2/S04,3,ema_8_minus_ema_21 >= 3.8125 AND wma_21_minus_wma_50 >= 5.2581 AND mom_20 >= 13.8800,2058,147,1911,0.07142857142857142,0.3888888888888889,378,0.0026415648126795113,27.040249433106574,0.027777777777777776
T2/S04,3,wma_21_minus_wma_50 >= 5.2581 AND mom_20 >= 13.8800 AND ema_50_slope_4 >= 1.6458,2095,148,1947,0.07064439140811456,0.3915343915343915,378,0.0026415648126795113,26.743387506156,0.027659708805293528
T2/S04,2,ema_8_minus_ema_21 >= 3.8125 AND wma_21_minus_wma_50 >= 5.2581,2457,160,2297,0.06512006512006512,0.42328042328042326,378,0.0026415648126795113,24.652079255253856,0.02756404872806989
T2/S04,3,roc_20 >= 0.8012 AND wma_21_minus_wma_50 >= 5.2581 AND mom_20 >= 13.8800,2249,153,2096,0.06803023566029347,0.40476190476190477,378,0.0026415648126795113,25.753763577462998,0.02753604776726164
T2/S04,3,roc_20 >= 0.8012 AND sma_21_slope_4 >= 2.6671 AND wma_21_minus_wma_50 >= 5.2581,2221,152,2069,0.06843764070238631,0.4021164021164021,378,0.0026415648126795113,25.90799225288194,0.027519897848578622
T2/S04,3,ao >= 8.8970 AND ema_8_minus_ema_21 >= 3.8125 AND wma_21_minus_wma_50 >= 5.2581,2374,157,2217,0.06613310867733782,0.41534391534391535,378,0.0026415648126795113,25.035580561907434,0.027467984291910153
T2/S04,3,sma_21_slope_4 >= 2.6671 AND wma_21_minus_wma_50 >= 5.2581 AND mom_20 >= 13.8800,2325,154,2171,0.06623655913978495,0.4074074074074074,378,0.0026415648126795113,25.074743130227,0.0269852648347272
T2/S04,3,sma_21_slope_4 >= 2.6671 AND wma_21_minus_wma_50 >= 5.2581 AND ema_50_slope_4 >= 1.6458,2362,155,2207,0.06562235393734124,0.41005291005291006,378,0.0026415648126795113,24.842227463946347,0.026908637196528817
T2/S04,3,sma_21_slope_4 >= 2.6671 AND wma_21_minus_wma_50 >= 5.2581 AND wma_50_slope_4 >= 1.9202,2520,160,2360,0.06349206349206349,0.42328042328042326,378,0.0026415648126795113,24.035777273872508,0.02687494750986814
T2/S04,3,sma_21_slope_4 >= 2.6671 AND ao >= 8.8970 AND ema_8_minus_ema_21 >= 3.8125,2820,169,2651,0.0599290780141844,0.4470899470899471,378,0.0026415648126795113,22.68696104919509,0.026793688318511016
T2/S04,3,sma_21_slope_4 >= 2.6671 AND ema_8_minus_ema_21 >= 3.8125 AND wma_50_slope_4 >= 1.9202,2625,163,2462,0.06209523809523809,0.4312169312169312,378,0.0026415648126795113,23.506990173847313,0.02677651801461325
T3/S06,2,adx_21_dmp_21 <= 11.1566 AND ema_21_minus_ema_50 <= -4.5039,2031,28,2003,0.013786312161496799,0.3373493975903614,83,0.0005800261361174588,23.768432667153103,0.0046508041026736184
T3/S06,2,rsi_34 <= 36.1488 AND ema_21_minus_ema_50 <= -4.5039,2537,29,2508,0.011430823807646828,0.3493975903614458,83,0.0005800261361174588,19.707428848226964,0.0039939022942380486
T3/S06,3,adx_21_dmp_21 <= 11.1566 AND ema_21_minus_ema_50 <= -4.5039 AND close_minus_sma_50 <= -9.0588,1911,25,1886,0.013082155939298797,0.30120481927710846,83,0.0005800261361174588,22.554424921034215,0.003940408415451445
T3/S06,3,adx_21_dmp_21 <= 11.1566 AND wma_50_slope_4 <= -1.4494 AND ema_21_minus_ema_50 <= -4.5039,1951,25,1926,0.012813941568426449,0.30120481927710846,83,0.0005800261361174588,22.092007188158068,0.003859620954345316
T3/S06,3,adx_21_dmp_21 <= 11.1566 AND ema_21_minus_ema_50 <= -4.5039 AND close_minus_ema_50 <= -7.1314,1973,25,1948,0.012671059300557527,0.30120481927710846,83,0.0005800261361174588,21.84566955098651,0.0038165841266739543
T3/S06,3,adx_21_dmp_21 <= 11.1566 AND ema_50_slope_4 <= -1.2138 AND ema_21_minus_ema_50 <= -4.5039,1987,25,1962,0.012581781580271767,0.30120481927710846,83,0.0005800261361174588,21.69174938303794,0.0037896932470698097
T3/S06,3,rsi_34 <= 36.1488 AND adx_21_dmp_21 <= 11.1566 AND ema_21_minus_ema_50 <= -4.5039,1635,22,1613,0.01345565749235474,0.26506024096385544,83,0.0005800261361174588,23.19836409859622,0.0035665598172506543
T3/S06,3,rsi_34 <= 36.1488 AND ema_21_minus_ema_50 <= -4.5039 AND close_minus_sma_50 <= -9.0588,2360,26,2334,0.011016949152542373,0.3132530120481928,83,0.0005800261361174588,18.993884010618746,0.0034510925056156832
T3/S06,3,rsi_34 <= 36.1488 AND rsi_21 <= 34.4900 AND ema_21_minus_ema_50 <= -4.5039,2190,25,2165,0.01141552511415525,0.30120481927710846,83,0.0005800261361174588,19.681052979039446,0.0034384111789624253
T3/S06,3,rsi_34 <= 36.1488 AND wma_50_slope_4 <= -1.4494 AND ema_21_minus_ema_50 <= -4.5039,2396,26,2370,0.010851419031719533,0.3132530120481928,83,0.0005800261361174588,18.708500110626144,0.0033992396966832272
T3/S06,3,rsi_34 <= 36.1488 AND ema_21_minus_ema_50 <= -4.5039 AND close_minus_ema_50 <= -7.1314,2446,26,2420,0.01062959934587081,0.3132530120481928,83,0.0005800261361174588,18.32606960959127,0.003329754011959531
T3/S06,3,rsi_34 <= 36.1488 AND ema_50_slope_4 <= -1.2138 AND ema_21_minus_ema_50 <= -4.5039,2448,26,2422,0.010620915032679739,0.3132530120481928,83,0.0005800261361174588,18.311097330498466,0.003327033624694858
T3/S06,3,rsi_21 <= 34.4900 AND ema_21_minus_ema_50 <= -4.5039 AND close_minus_sma_50 <= -9.0588,2290,25,2265,0.010917030567685589,0.30120481927710846,83,0.0005800261361174588,18.821618351133793,0.0032882622191824067
T3/S06,3,rsi_21 <= 34.4900 AND wma_50_slope_4 <= -1.4494 AND ema_21_minus_ema_50 <= -4.5039,2304,25,2279,0.010850694444444444,0.30120481927710846,83,0.0005800261361174588,18.707250878514056,0.0032682814591700137
T3/S06,3,rsi_21 <= 34.4900 AND ema_50_slope_4 <= -1.2138 AND ema_21_minus_ema_50 <= -4.5039,2345,25,2320,0.010660980810234541,0.30120481927710846,83,0.0005800261361174588,18.380173144604004,0.0032111387982634164
T3/S06,3,rsi_21 <= 34.4900 AND ema_21_minus_ema_50 <= -4.5039 AND close_minus_ema_50 <= -7.1314,2347,25,2322,0.010651896037494673,0.30120481927710846,83,0.0005800261361174588,18.364510449125003,0.0032084024209321307
T3/S06,2,rsi_21 <= 34.4900 AND ema_21_minus_ema_50 <= -4.5039,2372,25,2347,0.010539629005059023,0.30120481927710846,83,0.0005800261361174588,18.1709553221317,0.0031745870497165733
T3/S06,3,adx_21_dmp_21 <= 11.1566 AND rsi_21 <= 34.4900 AND ema_21_minus_ema_50 <= -4.5039,1660,20,1640,0.012048192771084338,0.24096385542168675,83,0.0005800261361174588,20.771810132094647,0.0029031789809841778
T3/S06,3,rsi_34 <= 36.1488 AND adx_21_dmp_21 <= 11.1566 AND wma_50_slope_4 <= -1.4494,2213,23,2190,0.010393131495707185,0.27710843373493976,83,0.0005800261361174588,17.918384790857967,0.00288002439037669
T4/S08,3,close_minus_ema_50 >= 16.0722 AND adx_21_adx_21 >= 47.5722 AND sma_50_slope_4 >= 2.2950,163,14,149,0.08588957055214724,0.2978723404255319,47,0.0003284485349098863,261.5008484532045,0.025584127398511944
T4/S08,3,close_minus_ema_50 >= 16.0722 AND ema_50_slope_4 >= 2.4320 AND adx_21_adx_21 >= 47.5722,165,14,151,0.08484848484848485,0.2978723404255319,47,0.0003284485349098863,258.3311411992263,0.025274016763378464
T4/S08,2,close_minus_ema_50 >= 16.0722 AND adx_21_adx_21 >= 47.5722,169,14,155,0.08284023668639054,0.2978723404255319,47,0.0003284485349098863,252.21679466196653,0.02467581518318016
T4/S08,3,ema_21_minus_ema_50 >= 7.8647 AND close_minus_ema_50 >= 16.0722 AND adx_21_adx_21 >= 47.5722,155,13,142,0.08387096774193549,0.2765957446808511,47,0.0003284485349098863,255.3549759780371,0.023198352779684284
T4/S08,3,ema_50_slope_4 >= 2.4320 AND adx_21_adx_21 >= 47.5722 AND sma_50_slope_4 >= 2.2950,227,15,212,0.06607929515418502,0.3191489361702128,47,0.0003284485349098863,201.1861467803918,0.021089136751335648
T4/S08,2,ema_50_slope_4 >= 2.4320 AND adx_21_adx_21 >= 47.5722,235,15,220,0.06382978723404255,0.3191489361702128,47,0.0003284485349098863,194.3372566772295,0.020371208691715707
T4/S08,3,ema_21_minus_ema_50 >= 7.8647 AND adx_21_adx_21 >= 47.5722 AND sma_50_slope_4 >= 2.2950,308,17,291,0.05519480519480519,0.3617021276595745,47,0.0003284485349098863,168.04704338214975,0.019964078474716773
T4/S08,3,ema_21_minus_ema_50 >= 7.8647 AND ema_50_slope_4 >= 2.4320 AND adx_21_adx_21 >= 47.5722,215,14,201,0.06511627906976744,0.2978723404255319,47,0.0003284485349098863,198.2541316180109,0.019396338446313704
T4/S08,2,ema_21_minus_ema_50 >= 7.8647 AND adx_21_adx_21 >= 47.5722,319,17,302,0.05329153605015674,0.3617021276595745,47,0.0003284485349098863,162.25231774828254,0.01927566197558861
T4/S08,2,adx_21_adx_21 >= 47.5722 AND sma_50_slope_4 >= 2.2950,377,18,359,0.04774535809018567,0.3829787234042553,47,0.0003284485349098863,145.3663299283255,0.018285456289858344
T4/S08,3,rsi_34 >= 67.7285 AND close_minus_ema_50 >= 16.0722 AND adx_21_adx_21 >= 47.5722,147,10,137,0.06802721088435375,0.2127659574468085,47,0.0003284485349098863,207.1168041684759,0.014473874656245478
T4/S08,3,rsi_34 >= 67.7285 AND adx_21_adx_21 >= 47.5722 AND sma_50_slope_4 >= 2.2950,224,12,212,0.05357142857142857,0.2553191489361702,47,0.0003284485349098863,163.10448328267475,0.013677811550151974
T4/S08,3,adx_21_adx_21 >= 47.5722 AND rsi_21 >= 68.9883 AND adx_21_dmp_21 >= 33.1890,311,14,297,0.04501607717041801,0.2978723404255319,47,0.0003284485349098863,137.05671478415545,0.013409044263528768
T4/S08,3,adx_21_adx_21 >= 47.5722 AND sma_50_slope_4 >= 2.2950 AND rsi_21 >= 68.9883,196,11,185,0.05612244897959184,0.23404255319148937,47,0.0003284485349098863,170.8713634389926,0.01313504125054277
T4/S08,3,rsi_34 >= 67.7285 AND ema_21_minus_ema_50 >= 7.8647 AND adx_21_adx_21 >= 47.5722,197,11,186,0.05583756345177665,0.23404255319148937,47,0.0003284485349098863,170.00399611189113,0.0130683659142456
T4/S08,3,adx_21_adx_21 >= 47.5722 AND sma_50_slope_4 >= 2.2950 AND adx_21_dmp_21 >= 33.1890,201,11,190,0.05472636815920398,0.23404255319148937,47,0.0003284485349098863,166.62083201016196,0.012808298930877527
T4/S08,3,close_minus_ema_50 >= 16.0722 AND adx_21_adx_21 >= 47.5722 AND adx_21_dmp_21 >= 33.1890,136,9,127,0.0661764705882353,0.19148936170212766,47,0.0003284485349098863,201.48200876095117,0.012672090112640802
T4/S08,3,ema_21_minus_ema_50 >= 7.8647 AND adx_21_adx_21 >= 47.5722 AND rsi_21 >= 68.9883,168,10,158,0.05952380952380952,0.2127659574468085,47,0.0003284485349098863,181.2272036474164,0.012664640324214792
T4/S08,3,ema_21_minus_ema_50 >= 7.8647 AND close_minus_ema_50 >= 16.0722 AND ema_50_slope_4 >= 2.4320,679,20,659,0.029455081001472753,0.425531914893617,47,0.0003284485349098863,89.67944098016481,0.0125340770219033
T4/S08,3,close_minus_ema_50 >= 16.0722 AND adx_21_adx_21 >= 47.5722 AND rsi_21 >= 68.9883,139,9,130,0.06474820143884892,0.19148936170212766,47,0.0003284485349098863,197.1334761977652,0.012398591764885964
T5/S09,2,fisher_14 >= 4.0160 AND adx_7_adx_7 >= 68.9157,730,26,704,0.03561643835616438,0.3880597014925373,67,0.0004682138689140932,76.06873849928441,0.013821304436720507
T5/S09,3,cmo_14 >= 69.2552 AND adx_7_adx_7 >= 68.9157 AND adx_14_dmn_14 <= 7.1122,338,17,321,0.05029585798816568,0.2537313432835821,67,0.0004682138689140932,107.42069239600814,0.01276163560893756
T5/S09,2,cmo_14 >= 69.2552 AND adx_14_dmn_14 <= 7.1122,567,22,545,0.03880070546737213,0.3283582089552239,67,0.0004682138689140932,82.86962015320223,0.012740530153465476
T5/S09,2,fisher_9 >= 3.8476 AND adx_7_adx_7 >= 68.9157,625,23,602,0.0368,0.34328358208955223,67,0.0004682138689140932,78.59656119402985,0.012632835820895522
T5/S09,3,adx_7_adx_7 >= 68.9157 AND rsi_14 >= 74.7930 AND adx_14_dmn_14 <= 7.1122,573,22,551,0.038394415357766144,0.3283582089552239,67,0.0004682138689140932,82.00187543955614,0.012607121460759032
T5/S09,2,adx_7_adx_7 >= 68.9157 AND rsi_14 >= 74.7930,695,24,671,0.034532374100719423,0.3582089552238806,67,0.0004682138689140932,73.75341995060668,0.012369805648018897
T5/S09,3,fisher_9 >= 3.8476 AND fisher_14 >= 4.0160 AND adx_7_adx_7 >= 68.9157,604,22,582,0.03642384105960265,0.3283582089552239,67,0.0004682138689140932,77.79316991202926,0.01196006721360087
T5/S09,2,cmo_14 >= 69.2552 AND adx_7_adx_7 >= 68.9157,420,18,402,0.04285714285714286,0.26865671641791045,67,0.0004682138689140932,91.53326226012794,0.011513859275053304
T5/S09,2,adx_7_adx_7 >= 68.9157 AND adx_14_dmn_14 <= 7.1122,900,26,874,0.028888888888888888,0.3880597014925373,67,0.0004682138689140932,61.700199004975126,0.0112106135986733
T5/S09,3,cmo_14 >= 69.2552 AND adx_7_adx_7 >= 68.9157 AND rsi_14 >= 74.7930,385,17,368,0.04415584415584416,0.2537313432835821,67,0.0004682138689140932,94.30699748013181,0.011203721651482847
T5/S09,2,fisher_9 >= 3.8476 AND adx_14_dmn_14 <= 7.1122,721,23,698,0.0319001386962552,0.34328358208955223,67,0.0004682138689140932,68.13155443310494,0.010950793880804024
T5/S09,3,cmo_14 >= 69.2552 AND rsi_14 >= 74.7930 AND adx_14_dmn_14 <= 7.1122,548,20,528,0.0364963503649635,0.29850746268656714,67,0.0004682138689140932,77.94803355485347,0.010894432944765223
T5/S09,3,fisher_14 >= 4.0160 AND adx_7_adx_7 >= 68.9157 AND rsi_14 >= 74.7930,498,19,479,0.03815261044176707,0.2835820895522388,67,0.0004682138689140932,81.48543427441109,0.01081939699094887
T5/S09,2,fisher_9 >= 3.8476 AND cmo_14 >= 69.2552,692,22,670,0.031791907514450865,0.3283582089552239,67,0.0004682138689140932,67.90039685963247,0.01043913381071521
T5/S09,2,rsi_14 >= 74.7930 AND adx_14_dmn_14 <= 7.1122,1043,27,1016,0.02588686481303931,0.40298507462686567,67,0.0004682138689140932,55.28854767390278,0.010432020148538229
T5/S09,3,cmo_14 >= 69.2552 AND fisher_14 >= 4.0160 AND adx_7_adx_7 >= 68.9157,336,15,321,0.044642857142857144,0.22388059701492538,67,0.0004682138689140932,95.34714818763327,0.009994669509594883
T5/S09,3,fisher_9 >= 3.8476 AND cmo_14 >= 69.2552 AND adx_14_dmn_14 <= 7.1122,337,15,322,0.04451038575667656,0.22388059701492538,67,0.0004682138689140932,95.06421896452457,0.00996501173656938
T5/S09,3,fisher_9 >= 3.8476 AND adx_7_adx_7 >= 68.9157 AND rsi_14 >= 74.7930,438,17,421,0.03881278538812785,0.2537313432835821,67,0.0004682138689140932,82.89542015947659,0.009848020173107068
T5/S09,3,fisher_9 >= 3.8476 AND cmo_14 >= 69.2552 AND adx_7_adx_7 >= 68.9157,299,14,285,0.046822742474916385,0.208955223880597,67,0.0004682138689140932,100.00289522288224,0.009783856636549692
T5/S09,3,fisher_9 >= 3.8476 AND adx_7_adx_7 >= 68.9157 AND adx_14_dmn_14 <= 7.1122,496,18,478,0.036290322580645164,0.26865671641791045,67,0.0004682138689140932,77.50800433317285,0.00974963890226288
T5/S10,3,fisher_9 >= 2.7380 AND chop_14 <= 38.1306 AND sma_8_minus_sma_21 >= 2.3579,2732,30,2702,0.010980966325036604,0.28846153846153844,104,0.0007267797368218761,15.10907055974772,0.0031675864399144044
T5/S10,3,fisher_14 >= 2.8938 AND chop_14 <= 38.1306 AND sma_8_minus_sma_21 >= 2.3579,2869,30,2839,0.010456605088881143,0.28846153846153844,104,0.0007267797368218761,14.387584792342548,0.0030163283910234063
T5/S10,3,fisher_9 >= 2.7380 AND chop_14 <= 38.1306 AND wma_21_slope_4 >= 1.4863,2743,29,2714,0.010572366022602989,0.27884615384615385,104,0.0007267797368218761,14.546864045542499,0.0029480636024566027
T5/S10,3,fisher_9 >= 2.7380 AND wma_8_minus_wma_21 >= 1.8379 AND chop_14 <= 38.1306,2819,29,2790,0.010287335934728628,0.27884615384615385,104,0.0007267797368218761,14.154681829344831,0.002868584058722406
T5/S10,3,fisher_14 >= 2.8938 AND chop_14 <= 38.1306 AND wma_21_slope_4 >= 1.4863,2847,29,2818,0.010186160871092378,0.27884615384615385,104,0.0007267797368218761,14.015471751641405,0.0028403717813622977
T5/S10,3,fisher_9 >= 2.7380 AND sma_8_slope_4 >= 1.9512 AND chop_14 <= 38.1306,2691,27,2664,0.010033444816053512,0.25961538461538464,104,0.0007267797368218761,13.805344738873167,0.0026048366349369695
T6/S12,2,adx_7_dmp_7 <= 4.7437 AND cci_20 <= -174.5160,1210,51,1159,0.04214876033057851,0.32075471698113206,159,0.0011111344053334451,37.93308903789178,0.013519413690940276
T6/S12,3,adx_7_dmp_7 <= 4.7437 AND adx_7_dmn_7 >= 40.2800 AND cci_20 <= -174.5160,844,42,802,0.04976303317535545,0.2641509433962264,159,0.0011111344053334451,44.785790932665655,0.013144952159527854
T6/S12,1,adx_7_dmp_7 <= 4.7437,3330,80,3250,0.024024024024024024,0.5031446540880503,159,0.0011111344053334451,21.62116833814947,0.012087559257370577
T6/S12,3,adx_7_dmp_7 <= 4.7437 AND cci_34 <= -188.8546 AND cci_20 <= -174.5160,1008,44,964,0.04365079365079365,0.27672955974842767,159,0.0011111344053334451,39.28489068583408,0.012079464909653588
T6/S12,3,adx_7_dmp_7 <= 4.7437 AND cmo_9 <= -65.7767 AND cci_20 <= -174.5160,787,38,749,0.048284625158831,0.2389937106918239,159,0.0011111344053334451,43.45525161228453,0.011539721736072818
T6/S12,2,adx_7_dmp_7 <= 4.7437 AND adx_7_dmn_7 >= 40.2800,1502,51,1451,0.03395472703062583,0.32075471698113206,159,0.0011111344053334451,30.558613672336257,0.010891138858879983
T6/S12,3,adx_7_dmp_7 <= 4.7437 AND rsi_14 <= 30.9938 AND cci_20 <= -174.5160,959,40,919,0.04171011470281543,0.25157232704402516,159,0.0011111344053334451,37.53831624923761,0.010493110617060486
T6/S12,3,adx_7_dmp_7 <= 4.7437 AND rsi_8 <= 24.4849 AND cci_20 <= -174.5160,966,40,926,0.041407867494824016,0.25157232704402516,159,0.0011111344053334451,37.26629946482284,0.010417073583603526
T6/S12,2,adx_7_dmp_7 <= 4.7437 AND cci_34 <= -188.8546,1652,51,1601,0.030871670702179176,0.32075471698113206,159,0.0011111344053334451,27.78392114760839,0.009902233998812187
T6/S12,3,adx_7_dmp_7 <= 4.7437 AND cci_34 <= -188.8546 AND adx_7_dmn_7 >= 40.2800,1071,38,1033,0.035480859010270774,0.2389937106918239,159,0.0011111344053334451,31.932103659073693,0.008479702153398046
T6/S12,3,cmo_9 <= -65.7767 AND rsi_8 <= 24.4849 AND cci_20 <= -174.5160,2144,53,2091,0.024720149253731342,0.3333333333333333,159,0.0011111344053334451,22.24766791044776,0.00824004975124378
T6/S12,2,adx_7_dmp_7 <= 4.7437 AND rsi_14 <= 30.9938,2237,54,2183,0.024139472507822977,0.33962264150943394,159,0.0011111344053334451,21.725069795295248,0.0081983114177512
T6/S12,2,adx_7_dmp_7 <= 4.7437 AND rsi_8 <= 24.4849,2048,51,1997,0.02490234375,0.32075471698113206,159,0.0011111344053334451,22.411639519457548,0.007987544221698112
T6/S12,3,adx_7_dmp_7 <= 4.7437 AND cmo_9 <= -65.7767 AND cci_34 <= -188.8546,1103,37,1066,0.033544877606527655,0.23270440251572327,159,0.0011111344053334451,30.1897569236559,0.007806040700890083
T6/S12,2,cmo_9 <= -65.7767 AND cci_20 <= -174.5160,2532,56,2476,0.022116903633491312,0.3522012578616352,159,0.0011111344053334451,19.904795970073625,0.00778960127972021
T6/S12,2,adx_7_dmp_7 <= 4.7437 AND cmo_9 <= -65.7767,1638,45,1593,0.027472527472527472,0.2830188679245283,159,0.0011111344053334451,24.724756375699773,0.007775243624300228
T6/S12,3,adx_7_dmp_7 <= 4.7437 AND cci_34 <= -188.8546 AND rsi_8 <= 24.4849,1298,40,1258,0.030816640986132512,0.25157232704402516,159,0.0011111344053334451,27.73439544146292,0.007752614084561638
T6/S12,3,adx_7_dmp_7 <= 4.7437 AND cmo_9 <= -65.7767 AND rsi_8 <= 24.4849,1532,43,1489,0.028067885117493474,0.27044025157232704,159,0.0011111344053334451,25.26056702300606,0.00759068591227811
T6/S12,3,cmo_9 <= -65.7767 AND cci_34 <= -188.8546 AND cci_20 <= -174.5160,1757,46,1711,0.02618099032441662,0.2893081761006289,159,0.0011111344053334451,23.56239731102544,0.007574374559265185
T6/S12,2,cmo_9 <= -65.7767 AND rsi_8 <= 24.4849,4015,69,3946,0.017185554171855542,0.4339622641509434,159,0.0011111344053334451,15.466674498930896,0.007457881999107122
