strategy,feature,auc,auc_lift,direction,positive_median,background_median,positive_count,background_count
T1/S01,fisher_14,0.8970345445795627,0.39703454457956266,high,2.813229670418765,0.06317226168548556,377,142707
T1/S01,fisher_9,0.8970241006241652,0.39702410062416515,high,2.63328738436742,0.04655172296702484,377,142712
T1/S01,wma_21_slope_4,0.8742671999267162,0.3742671999267162,high,1.427056277056181,0.014696969697183704,377,142696
T1/S01,adx_7_dmn_7,0.12720324810553013,0.3727967518944699,low,8.318019307074783,19.82760141857163,377,142714
T1/S01,wma_8_minus_wma_21,0.8695908762237932,0.36959087622379316,high,1.6043867243868135,0.019172077922007702,377,142700
T1/S01,close_minus_sma_21,0.8643330222926917,0.3643330222926917,high,3.596666666666806,0.046666666666624224,377,142700
T1/S01,ema_8_slope_4,0.8642735036126363,0.36427350361263633,high,1.563816380609751,0.01847227284474684,377,142709
T1/S01,ema_21_slope_4,0.8620895059282043,0.3620895059282043,high,1.3379390700740714,0.019859349049852426,377,142696
T1/S01,sma_8_minus_sma_21,0.8570963736502726,0.3570963736502726,high,2.1791071428572195,0.02520833333335304,377,142700
T1/S01,cmo_9,0.856670880942504,0.356670880942504,high,53.34538878842785,0.7604562737646571,377,142711
T1/S01,cmo_14,0.8562578027181404,0.35625780271814045,high,42.16027874564473,0.5893909626725025,377,142706
T1/S01,rsi_8,0.855232592816125,0.35523259281612496,high,69.73867611501825,50.40858517605575,377,142713
T1/S01,wma_8_slope_4,0.8548825118385166,0.3548825118385166,high,1.708333333333485,0.015000000000100044,377,142709
T1/S01,adx_7_dmp_7,0.8528880022663345,0.35288800226633454,high,33.13435653245509,19.382860133955276,377,142714
T1/S01,cci_20,0.8502632714426894,0.35026327144268943,high,126.56923540349013,3.069243482066234,377,142701
T1/S01,sma_8_slope_4,0.8485709906637374,0.3485709906637374,high,1.6899999999998272,0.01625000000012733,377,142709
T1/S01,close_minus_ema_21,0.8478466631597145,0.34784666315971446,high,3.189197983160966,0.049397323634934764,377,142700
T1/S01,close_minus_wma_21,0.8470151530078311,0.34701515300783115,high,2.470865800865795,0.03454545454553681,377,142700
T1/S01,ema_8_minus_ema_21,0.8399133609304452,0.3399133609304452,high,1.9307677533247443,0.031137159176296336,377,142700
T1/S01,adx_14_dmn_14,0.1614513007016528,0.3385486992983472,low,12.044345988249626,20.486723461862418,377,142707
T1/S01,rsi_14,0.8377317836908661,0.3377317836908661,high,64.87601538223967,50.3568689957147,377,142707
T1/S01,bbands_20_bbp_20_2_0,0.8376223647459937,0.3376223647459937,high,0.8712855544453907,0.5091955475312003,377,142701
T1/S01,roc_20,0.8314703362027143,0.33147033620271427,high,0.38789157654652373,0.004973791272648001,377,142700
T1/S01,aroon_14_aroonosc_14,0.8314653123163458,0.3314653123163458,high,78.57142857142857,7.142857142857139,377,142706
T1/S01,close_minus_wma_50,0.8302505047365842,0.33025050473658424,high,4.75743529411784,0.08290196078451118,377,142671
T1/S01,hma_32_slope_4,0.8294026162906079,0.32940261629060785,high,1.8998570261437635,0.017677584669854696,377,142681
T1/S01,mom_20,0.828497785229535,0.328497785229535,high,6.570000000000164,0.07999999999992724,377,142700
T1/S01,cmo_21,0.8280646118223696,0.32806461182236957,high,35.36269430051824,0.5929919137460783,377,142699
T1/S01,roc_10,0.82803357219209,0.32803357219208995,high,0.24009413800928622,0.003299381869631071,377,142710
T1/S01,rsi_5,0.8265021318516275,0.32650213185162746,high,73.70991263751243,50.48662174816966,377,142716
T1/S01,mom_10,0.8261167636617972,0.3261167636617972,high,3.730000000000018,0.049999999999954525,377,142710
T1/S01,adx_14_dmp_14,0.8242556082941846,0.32425560829418465,high,29.14413777296141,20.02641792315637,377,142707
T1/S01,cci_14,0.8241341782839761,0.32413417828397606,high,111.23617461992481,3.3578509753623202,377,142707
T1/S01,ao,0.821895233987605,0.321895233987605,high,4.191882352941093,0.07002941176460808,377,142687
T1/S01,hma_16_slope_4,0.8190727255308302,0.3190727255308302,high,2.0060383986929082,0.018133986928091872,377,142698
T1/S01,rsi_21,0.8097486426050088,0.3097486426050088,high,62.17161259805088,50.3172175030973,377,142700
T1/S01,sma_21_slope_4,0.8059662997473883,0.3059662997473883,high,1.1576190476189367,0.016190476190331538,377,142696
T1/S01,adx_21_dmn_21,0.19741430427581746,0.3025856957241826,low,14.087398462735141,20.738196980069368,377,142700
T1/S01,cci_34,0.8002879333795836,0.3002879333795836,high,114.22404786779133,4.4807671548302554,377,142687
T1/S01,close_minus_ema_50,0.7969875118632364,0.29698751186323635,high,5.415669166526186,0.12614670765856317,377,142671
T2/S03,wma_21_minus_wma_50,0.9400666782115328,0.4400666782115328,high,4.945970868347445,0.04252019353214109,318,142730
T2/S03,ao,0.9282528442348272,0.42825284423482723,high,7.097852941176598,0.0701911764704164,318,142746
T2/S03,roc_34,0.9266399752736716,0.4266399752736716,high,0.9004821905577718,0.009644958365933131,318,142745
T2/S03,wma_50_slope_4,0.9264587611553191,0.4264587611553191,high,1.6235882352941644,0.016478431372547675,318,142726
T2/S03,close_minus_sma_50,0.9223405387398558,0.4223405387398558,high,10.1798,0.11160000000006676,318,142730
T2/S03,mom_34,0.9216770526498521,0.4216770526498521,high,15.834999999999923,0.15000000000009095,318,142745
T2/S03,sma_21_minus_sma_50,0.9174460002106277,0.4174460002106277,high,6.577728571428793,0.06581904761901569,318,142730
T2/S03,sma_21_slope_4,0.9161920442928014,0.41619204429280143,high,2.147857142857333,0.016190476190331538,318,142755
T2/S03,ema_50_slope_4,0.9161807111255176,0.4161807111255176,high,1.332641710806456,0.019522998588172413,318,142726
T2/S03,ema_8_minus_ema_21,0.9115774172076342,0.4115774172076342,high,2.617041277378121,0.0313472198765794,318,142759
T2/S03,close_minus_wma_50,0.9092002778699457,0.4092002778699457,high,6.599792156862804,0.08307843137265536,318,142730
T2/S03,close_minus_ema_50,0.9075260409437355,0.40752604094373546,high,7.9532713437538405,0.12515237997752138,318,142730
T2/S03,ema_21_minus_ema_50,0.9012252539980709,0.40122525399807085,high,4.394802252463592,0.07345518299996456,318,142730
T2/S03,adx_21_dmn_21,0.10529078760127075,0.39470921239872925,low,12.879528875237636,20.739579523478046,318,142759
T2/S03,bbands_34_bbb_34_2_0,0.8934332671824968,0.3934332671824968,high,1.474890698345832,0.5180435571213236,318,142746
T2/S03,rsi_34,0.8926724488507405,0.3926724488507405,high,62.379635664155984,50.339169809427545,318,142746
T2/S03,rsi_21,0.8923904322898762,0.39239043228987625,high,64.90674648260122,50.31562207904986,318,142759
T2/S03,ema_21_slope_4,0.8812157831214098,0.3812157831214098,high,1.467147955300561,0.020206668755236024,318,142755
T2/S03,adx_14_dmn_14,0.12124447032426813,0.3787555296757319,low,11.79161650299545,20.48531084038476,318,142766
T2/S03,sma_50_slope_4,0.8721517532339972,0.3721517532339972,high,1.2477000000001226,0.024800000000141154,318,142726
T2/S03,adx_21_dmp_21,0.8661792506798083,0.3661792506798083,high,29.10800024306935,20.21699429619699,318,142759
T2/S03,rsi_14,0.8656975367265447,0.3656975367265447,high,65.42654337371756,50.35796610177681,318,142766
T2/S03,aroon_25_aroond_25,0.13659427358124895,0.363405726418751,low,0.0,43.99999999999999,318,142754
T2/S03,close_minus_ema_21,0.8549516819942093,0.35495168199420934,high,3.589140498941447,0.05018141415212085,318,142759
T2/S03,cmo_21,0.844346704600414,0.34434670460041406,high,37.596372712883756,0.6120891111832296,318,142758
T2/S03,adx_14_dmp_14,0.8393353701800113,0.33933537018001125,high,29.3034793731536,20.028679499834517,318,142766
T2/S03,adx_14_adx_14,0.8338256505763886,0.3338256505763886,high,41.212609861026344,23.393045765825455,318,142766
T2/S03,roc_20,0.8311112658924983,0.3311112658924983,high,0.4554706094052807,0.005229930143071189,318,142759
T2/S03,mom_20,0.8288016933671167,0.32880169336711673,high,7.330000000000041,0.07999999999992724,318,142759
T2/S03,efi_13,0.8259518566556154,0.32595185665561544,high,582.0119525712988,1.2159199822742726,318,142766
T2/S03,aroon_25_aroonosc_25,0.8198560539955131,0.3198560539955131,high,76.0,7.9999999999999964,318,142754
T2/S03,wma_21_slope_4,0.8167192813301762,0.31671928133017624,high,1.3434415584420094,0.01562770562759397,318,142755
T2/S03,adx_21_adx_21,0.8000795729055797,0.30007957290557974,high,31.637809789577744,19.61377045685268,318,142759
T2/S03,adx_7_dmn_7,0.21086972428017964,0.2891302757198204,low,10.977587399263786,19.817671427774638,318,142773
T2/S03,rsi_8,0.7796306535802257,0.27963065358022565,high,65.20703208784577,50.42278826022623,318,142772
T2/S03,sma_8_minus_sma_21,0.7767030604113077,0.27670306041130766,high,1.9481250000001182,0.027321428571440265,318,142759
T2/S03,bbands_34_bbp_34_2_0,0.7635935915374867,0.26359359153748674,high,0.7789215445841411,0.5128160831617569,318,142746
T2/S03,close_minus_sma_21,0.760348035200812,0.26034803520081196,high,2.7492857142856337,0.04952380952386193,318,142759
T2/S03,cci_34,0.7568335743825049,0.25683357438250487,high,85.25071014804104,4.49641011990477,318,142746
T2/S03,fisher_14,0.756523759642929,0.25652375964292895,high,2.007654729430234,0.06637439164440154,318,142766
T2/S04,roc_20,0.958076590786,0.45807659078600005,high,0.8011833196623654,0.004880151610038914,378,142699
T2/S04,sma_21_slope_4,0.9567400017538423,0.45674000175384233,high,2.6671428571430624,0.01571428571423894,378,142695
T2/S04,ao,0.9556565432054269,0.4556565432054269,high,8.896985294117712,0.06919117647066741,378,142686
T2/S04,ema_8_minus_ema_21,0.9541850977179888,0.45418509771798876,high,3.8124862068420953,0.030764325182644825,378,142699
T2/S04,wma_21_minus_wma_50,0.9534421388314989,0.45344213883149886,high,5.258069365928122,0.04134840845438248,378,142670
T2/S04,mom_20,0.9524745745392,0.45247457453920004,high,13.879999999999882,0.07999999999992724,378,142699
T2/S04,wma_50_slope_4,0.9497613269517577,0.44976132695175775,high,1.9201607843136799,0.016152941176301283,378,142666
T2/S04,ema_50_slope_4,0.9475265683261982,0.4475265683261982,high,1.6457920689443881,0.019302631246546298,378,142666
T2/S04,close_minus_sma_50,0.947237214083783,0.44723721408378303,high,11.616100000000074,0.10960000000000036,378,142670
T2/S04,close_minus_wma_50,0.9463168046437128,0.4463168046437128,high,8.738701960784283,0.08145882352948774,378,142670
T2/S04,roc_34,0.9458882397733714,0.44588823977337144,high,0.9085968913423278,0.00937636164075699,378,142685
T2/S04,wma_21_slope_4,0.9447318076387069,0.4447318076387069,high,2.6059740259738646,0.01471861471873126,378,142695
T2/S04,ema_21_slope_4,0.9434544875099906,0.4434544875099906,high,2.317805517480906,0.019792151929323154,378,142695
T2/S04,sma_8_minus_sma_21,0.9429553793827544,0.4429553793827544,high,4.596934523809637,0.025297619047705666,378,142699
T2/S04,close_minus_ema_50,0.9420640668905896,0.44206406689058964,high,9.628785496299201,0.12355002695096573,378,142670
T2/S04,mom_34,0.9399171186464876,0.43991711864648764,high,15.850000000000023,0.15000000000009095,378,142685
T2/S04,adx_21_dmn_21,0.06397789760672472,0.4360221023932753,low,11.256311997141893,20.743048588458585,378,142699
T2/S04,rsi_34,0.9329827411016176,0.4329827411016176,high,64.1039649299939,50.33411747642651,378,142686
T2/S04,rsi_21,0.9320184295867376,0.43201842958673764,high,67.1708272757599,50.309881870890756,378,142699
T2/S04,ema_21_minus_ema_50,0.925281266607404,0.42528126660740395,high,4.27474140952927,0.07234514002948345,378,142670
T2/S04,cmo_21,0.9243875547730542,0.42438755477305423,high,44.08610747950791,0.5840060233252371,378,142698
T2/S04,close_minus_ema_21,0.9236490906544657,0.42364909065446565,high,5.209137145655291,0.04912560399930044,378,142699
T2/S04,adx_14_dmn_14,0.07722353583424596,0.4227764641657541,low,9.992084115463573,20.489544954787597,378,142706
T2/S04,close_minus_sma_21,0.9214460500366499,0.4214460500366499,high,5.8735714285712675,0.046666666666624224,378,142699
T2/S04,wma_8_minus_wma_21,0.9178571419301907,0.41785714193019075,high,2.650023448773254,0.019235209234921058,378,142699
T2/S04,sma_21_minus_sma_50,0.9145525267730357,0.41455252677303567,high,5.2821571428572724,0.0640190476188991,378,142670
T2/S04,rsi_14,0.9129906385400198,0.4129906385400198,high,68.52565867655687,50.351505900374576,378,142706
T2/S04,efi_13,0.9071822061815475,0.40718220618154755,high,1425.0308649678186,1.108626759319912,378,142706
T2/S04,sma_50_slope_4,0.9045716223863085,0.4045716223863085,high,1.275600000000054,0.024200000000291766,378,142666
T2/S04,bbands_20_bbb_20_2_0,0.8952183512975385,0.39521835129753846,high,1.1531690343470316,0.38477392568089663,378,142700
T2/S04,fisher_14,0.894765309845965,0.39476530984596503,high,2.843373098089614,0.06329586062119401,378,142706
T2/S04,hma_32_slope_4,0.8947057499447463,0.3947057499447463,high,2.9809787953061004,0.017332961972897465,378,142680
T2/S04,bbands_34_bbb_34_2_0,0.8921254885575142,0.39212548855751417,high,1.4284600325023402,0.5179099059125865,378,142686
T2/S04,adx_21_dmp_21,0.8916034494629999,0.39160344946299985,high,30.378478361943316,20.21312443767162,378,142699
T2/S04,adx_14_adx_14,0.8817470365127786,0.38174703651277864,high,42.48437766792574,23.38189557781954,378,142706
T2/S04,adx_14_dmp_14,0.8726488365431367,0.37264883654313674,high,30.961865217141515,20.02449257256862,378,142706
T2/S04,close_minus_wma_21,0.8700685455095086,0.37006854550950863,high,3.310887445887488,0.0349350649353255,378,142699
T2/S04,ema_8_slope_4,0.8629106379652952,0.3629106379652952,high,2.006947874918751,0.01866694687760173,378,142708
T2/S04,cmo_14,0.8573534239891412,0.35735342398914116,high,43.16809930134367,0.5917159763308036,378,142705
T2/S04,adx_7_dmn_7,0.1468736584843737,0.3531263415156263,low,8.716030405420167,19.827066295297683,378,142713
T3/S06,rsi_34,0.054460770463815096,0.44553922953618486,low,36.14877007539436,50.36799095162374,83,142981
T3/S06,adx_21_dmp_21,0.05919222156258641,0.4408077784374136,low,11.156564676869229,20.238041192319525,83,142994
T3/S06,rsi_21,0.06435639476658471,0.4356436052334153,low,34.489985341515045,50.35388567911451,83,142994
T3/S06,ema_50_slope_4,0.0645310377427899,0.4354689622572101,low,-1.2138393471113886,0.021475555433653426,83,142961
T3/S06,wma_50_slope_4,0.06573534293580616,0.4342646570641938,low,-1.4493647058827719,0.018494117647151143,83,142961
T3/S06,ema_21_minus_ema_50,0.06595379524603504,0.43404620475396494,low,-4.5038584247274684,0.07978028365823775,83,142965
T3/S06,close_minus_ema_50,0.067621487945276,0.432378512054724,low,-7.131405224143236,0.1369774030474673,83,142965
T3/S06,close_minus_sma_50,0.0685083846033594,0.4314916153966406,low,-9.058799999999792,0.12680000000023028,83,142965
T3/S06,cmo_21,0.07066236033628405,0.42933763966371596,low,-42.229199372055874,0.7125890736335885,83,142993
T3/S06,wma_21_minus_wma_50,0.07191489702383133,0.42808510297616864,low,-3.7857198879555654,0.04766254138007753,83,142965
T3/S06,sma_50_slope_4,0.07255112882332135,0.4274488711766786,low,-1.2704000000001088,0.02680000000009386,83,142961
T3/S06,roc_34,0.07409512156894468,0.4259048784310553,low,-0.8271335775774848,0.010938961401718024,83,142980
T3/S06,ema_8_minus_ema_21,0.0773633437480147,0.4226366562519853,low,-2.3403469145498548,0.03540866230548545,83,142994
T3/S06,adx_14_dmp_14,0.07750683014012119,0.42249316985987884,low,10.424690344676996,20.052438277692435,83,143001
T3/S06,sma_21_slope_4,0.08351742518012466,0.4164825748198754,low,-1.6819047619048888,0.018809523809522943,83,142990
T3/S06,roc_20,0.08367930510522727,0.41632069489477275,low,-0.5377019236257818,0.0058580328793881396,83,142994
T3/S06,mom_34,0.0838699742317992,0.4161300257682008,low,-13.170000000000073,0.17499999999995453,83,142980
T3/S06,adx_21_dmn_21,0.9160490515146732,0.4160490515146732,high,31.975612779550794,20.71851365565702,83,142994
T3/S06,close_minus_wma_50,0.08400497383511595,0.41599502616488404,low,-6.324949019607857,0.09352941176462082,83,142965
T3/S06,sma_21_minus_sma_50,0.08415725645210155,0.4158427435478984,low,-5.8988571428569685,0.07319047619034791,83,142965
T3/S06,ao,0.08655510130548139,0.4134448986945186,low,-5.815235294117883,0.07905882352906701,83,142981
T3/S06,rsi_14,0.0910824366128369,0.4089175633871631,low,32.922505145540796,50.400255156546926,83,143001
T3/S06,mom_20,0.09286736439021538,0.40713263560978463,low,-9.3900000000001,0.09000000000014552,83,142994
T3/S06,ema_21_slope_4,0.09891937847199696,0.40108062152800306,low,-1.25077240827477,0.02271124756214249,83,142990
T3/S06,adx_14_adx_14,0.8945028861960101,0.39450288619601015,high,45.68235517055277,23.405679988945185,83,143001
T3/S06,adx_14_dmn_14,0.8941283838018489,0.3941283838018489,high,31.804718785935204,20.460916691184224,83,143001
T3/S06,close_minus_ema_21,0.11595709382700531,0.38404290617299464,low,-2.885913073137999,0.057538803617831036,83,142994
T3/S06,wma_21_slope_4,0.12189655186941205,0.37810344813058794,low,-1.2693073593075042,0.01846320346317043,83,142990
T3/S06,adx_21_adx_21,0.8735426762366473,0.3735426762366473,high,37.55286897434148,19.626377447412445,83,142994
T3/S06,sma_8_minus_sma_21,0.13551571209239383,0.36448428790760623,low,-2.3302380952379735,0.03077380952402109,83,142994
T3/S06,adx_7_dmp_7,0.15128279958051047,0.3487172004194895,low,9.71401777330335,19.42776263023665,83,143008
T3/S06,close_minus_sma_21,0.15827056354710983,0.3417294364528902,low,-2.6933333333331575,0.055714285714429934,83,142994
T3/S06,efi_13,0.15879845140521806,0.3412015485947819,low,-570.6643425342635,1.871459014733067,83,143001
T3/S06,rsi_8,0.16197955934586064,0.3380204406541394,low,31.989681777315592,50.46409541530805,83,143007
T3/S06,aroon_25_aroonosc_25,0.16440804655375374,0.33559195344624626,low,-76.0,7.9999999999999964,83,142989
T3/S06,fisher_14,0.16686268012448813,0.3331373198755119,low,-2.0770170388940197,0.07172562581855328,83,143001
T3/S06,bbands_34_bbb_34_2_0,0.8322773191787298,0.3322773191787298,high,1.2022242208713103,0.5186813969436478,83,142981
T3/S06,aroon_25_aroonu_25,0.17174128399968758,0.3282587160003124,low,4.0000000000000036,48.0,83,142989
T3/S06,adx_7_adx_7,0.8236817823992322,0.3236817823992322,high,49.7973297049044,32.100870485312186,83,143008
T3/S06,bbands_34_bbp_34_2_0,0.18385145620915344,0.31614854379084656,low,0.16737221532342697,0.5144929188981693,83,142981
T4/S08,rsi_34,0.9666196504834493,0.46661965048344933,high,67.72851933695053,50.35769815083526,47,143017
T4/S08,ema_21_minus_ema_50,0.9629111357203721,0.4629111357203721,high,7.86471324883496,0.07731548427045709,47,143001
T4/S08,close_minus_ema_50,0.9522593726840476,0.4522593726840476,high,16.07216629590721,0.13346112571366575,47,143001
T4/S08,ema_50_slope_4,0.951950487281462,0.45195048728146203,high,2.4319783966057003,0.020809573638416623,47,142997
T4/S08,adx_21_adx_21,0.9471551125266088,0.4471551125266088,high,47.57223214727479,19.628522510902656,47,143030
T4/S08,sma_50_slope_4,0.9447717918200635,0.44477179182006354,high,2.294999999999618,0.0262000000000171,47,142997
T4/S08,rsi_21,0.9422887030097837,0.44228870300978373,high,68.9882530646556,50.33944975505339,47,143030
T4/S08,adx_21_dmp_21,0.9422730836113834,0.4422730836113834,high,33.18901297139066,20.229829897677565,47,143030
T4/S08,close_minus_sma_50,0.9394011825836064,0.4394011825836064,high,17.78099999999972,0.12140000000022155,47,143001
T4/S08,adx_21_dmn_21,0.061683384381494136,0.4383166156185059,low,10.798744184933831,20.724608936787277,47,143030
T4/S08,wma_50_slope_4,0.9381968882251509,0.4381968882251509,high,2.569835294117638,0.017741176470963183,47,142997
T4/S08,roc_34,0.9289756599172359,0.42897565991723585,high,1.166997666004657,0.010422799659295021,47,143016
T4/S08,mom_34,0.9268214596432597,0.4268214596432597,high,19.449999999999818,0.16999999999984539,47,143016
T4/S08,wma_21_minus_wma_50,0.9264572915499624,0.42645729154996237,high,5.8022248026481975,0.04577550292856358,47,143001
T4/S08,close_minus_wma_50,0.9264296172902823,0.4264296172902823,high,11.29504313725488,0.09029019607851296,47,143001
T4/S08,ema_8_minus_ema_21,0.9248449588763554,0.4248449588763554,high,3.9442609558893764,0.03411586341974271,47,143030
T4/S08,adx_14_dmp_14,0.9153367399805348,0.4153367399805348,high,34.09244436516493,20.044284668320756,47,143037
T4/S08,ao,0.9146160871516688,0.41461608715166876,high,8.631411764705945,0.07632352941186582,47,143017
T4/S08,close_minus_ema_21,0.9131820284689569,0.4131820284689569,high,6.964351030106627,0.0550656471880302,47,143030
T4/S08,rsi_14,0.9112068756499396,0.41120687564993963,high,69.74758825358386,50.385944611977926,47,143037
T4/S08,ema_21_slope_4,0.9109623276351184,0.4109623276351184,high,2.3853327593749327,0.021919445095250012,47,143026
T4/S08,sma_21_minus_sma_50,0.9065046710728254,0.4065046710728254,high,6.313790476190434,0.07078095238102833,47,143001
T4/S08,adx_14_dmn_14,0.09471437162739768,0.4052856283726023,low,10.217485772673745,20.4674012327433,47,143037
T4/S08,adx_14_adx_14,0.8948604132928557,0.3948604132928557,high,48.512223991128124,23.408946861593343,47,143037
T4/S08,sma_21_slope_4,0.8916131451772941,0.39161314517729406,high,2.057142857142935,0.018095238095156674,47,143026
T4/S08,close_minus_sma_21,0.8862207898655393,0.3862207898655393,high,6.028095238095375,0.05333333333328483,47,143030
T4/S08,efi_13,0.8776412411667328,0.3776412411667328,high,1619.6583004812837,1.6313185644508215,47,143037
T4/S08,wma_21_slope_4,0.8776011116562351,0.3776011116562351,high,1.8089610389613426,0.01744588744588782,47,143026
T4/S08,close_minus_wma_21,0.8756638616210555,0.3756638616210555,high,4.405800865800529,0.03969696969693359,47,143030
T4/S08,rsi_8,0.8607052543789466,0.3607052543789466,high,73.72120091437601,50.45035754171215,47,143043
T4/S08,roc_20,0.8598837321734318,0.35988373217343184,high,0.7221599952838531,0.0056175760128335216,47,143030
T4/S08,mom_10,0.8585251410109953,0.3585251410109953,high,5.220000000000027,0.05999999999994543,47,143040
T4/S08,roc_10,0.858491598838593,0.35849159883859305,high,0.3318773960975813,0.0038075487194352236,47,143040
T4/S08,adx_7_dmp_7,0.8574268473857471,0.35742684738574715,high,34.33107386707281,19.412993819225036,47,143044
T4/S08,mom_20,0.8566840612220916,0.3566840612220916,high,11.170000000000073,0.08999999999991815,47,143030
T4/S08,wma_8_minus_wma_21,0.8536349315200947,0.35363493152009473,high,1.8360786435782757,0.022135642135708622,47,143030
T4/S08,bars_since_ema_8_cross_below_ema_21,0.8524338611819577,0.35243386118195774,high,103.0,25.0,47,142977
T4/S08,ema_8_slope_4,0.8486175396592478,0.3486175396592478,high,1.9126522693381958,0.021461327370161598,47,143039
T4/S08,cmo_21,0.8473584363117552,0.3473584363117552,high,38.26961770623788,0.6765899864676174,47,143029
T4/S08,close_minus_ema_8,0.8466888620457976,0.34668886204579763,high,2.669273913826828,0.02628975247944254,47,143043
T5/S09,fisher_9,0.9723499380222685,0.47234993802226855,high,3.847621543574207,0.05133098525162588,67,143022
T5/S09,cmo_14,0.9691958065019757,0.4691958065019757,high,69.25515055467454,0.6781960766279901,67,143016
T5/S09,fisher_14,0.96849450837647,0.46849450837647,high,4.016031696411191,0.06919531118582961,67,143017
T5/S09,adx_7_adx_7,0.9626255190653734,0.4626255190653734,high,68.91574017102732,32.1015582997159,67,143024
T5/S09,adx_14_dmp_14,0.9529759482720924,0.4529759482720924,high,37.70144596942723,20.04311689384041,67,143017
T5/S09,rsi_14,0.9488784810990532,0.44887848109905315,high,74.79298359266608,50.383062423229006,67,143017
T5/S09,adx_14_dmn_14,0.05444807260675305,0.4455519273932469,low,7.112243064151889,20.46856285372,67,143017
T5/S09,wma_8_minus_wma_21,0.9450872342712701,0.44508723427127006,high,2.9513492063490503,0.021942640692600435,67,143010
T5/S09,wma_21_slope_4,0.9437294249839429,0.44372942498394286,high,2.38787878787889,0.017316017315920362,67,143006
T5/S09,cmo_21,0.942129307590807,0.44212930759080704,high,54.77815699658346,0.6678383128297216,67,143009
T5/S09,ema_21_slope_4,0.9416551982684788,0.44165519826847877,high,2.0428750654759824,0.021794443012367992,67,143006
T5/S09,adx_21_dmp_21,0.9410484811102867,0.4410484811102867,high,33.69332849798934,20.228808673153605,67,143010
T5/S09,adx_7_dmn_7,0.059937232118855314,0.44006276788114473,low,3.116124484938081,19.801692832076434,67,143024
T5/S09,hma_32_slope_4,0.939769823734862,0.43976982373486195,high,3.3548787878787607,0.021023989898822038,67,142991
T5/S09,sma_8_minus_sma_21,0.937914215371642,0.437914215371642,high,3.6925595238096776,0.029404761904743282,67,143010
T5/S09,chop_14,0.0626430275205613,0.4373569724794387,low,31.535461838853458,50.45846272833577,67,143016
T5/S09,adx_7_dmp_7,0.937216882919556,0.43721688291955596,high,42.711033289277324,19.410186494491732,67,143024
T5/S09,rsi_21,0.9361201648564395,0.43612016485643945,high,70.48465046002529,50.337998763850514,67,143010
T5/S09,close_minus_sma_21,0.9360184080645649,0.43601840806456493,high,6.689047619047642,0.05285714285707854,67,143010
T5/S09,ema_8_minus_ema_21,0.9355471436607605,0.4355471436607605,high,2.941620280859752,0.033855447434802954,67,143010
T5/S09,ema_8_slope_4,0.9328069655289513,0.43280696552895126,high,3.00486588152512,0.021204063762979786,67,143019
T5/S09,rsi_8,0.930719211115298,0.430719211115298,high,80.82988964152189,50.446881553646826,67,143023
T5/S09,sma_8_slope_4,0.9305439847100995,0.43054398471009947,high,2.931250000000091,0.019999999999754436,67,143019
T5/S09,cci_34,0.9293467068873902,0.4293467068873902,high,190.49600159038917,4.828200440638357,67,142997
T5/S09,close_minus_wma_50,0.9291219885493605,0.42912198854936046,high,7.524266666666563,0.08946666666702185,67,142981
T5/S09,aroon_14_aroonosc_14,0.9290124828951399,0.42901248289513993,high,92.85714285714286,7.142857142857139,67,143016
T5/S09,close_minus_ema_21,0.9287799517203159,0.4287799517203159,high,5.487109221923674,0.05451149413590883,67,143010
T5/S09,roc_10,0.9265656405429155,0.42656564054291546,high,0.5115637704250304,0.0037900508979282384,67,143020
T5/S09,chop_21,0.0745047044842079,0.4254952955157921,low,33.317715688413074,50.04805927130752,67,143009
T5/S09,ao,0.9251622437752842,0.4251622437752842,high,6.207117647058794,0.07597058823535008,67,142997
T5/S09,bbands_34_bbp_34_2_0,0.9249212930988324,0.4249212930988324,high,1.0545282819161037,0.5138873555804644,67,142997
T5/S09,roc_20,0.9246002001738737,0.4246002001738737,high,0.6285161744022562,0.005585532729695519,67,143010
T5/S09,close_minus_wma_21,0.9227513575399695,0.4227513575399695,high,4.926926406926441,0.039220779220840996,67,143010
T5/S09,mom_10,0.9212995990540933,0.4212995990540933,high,7.419999999999845,0.05999999999994543,67,143020
T5/S09,wma_8_slope_4,0.920254828890807,0.420254828890807,high,3.213611111111277,0.018333333333430346,67,143019
T5/S09,mom_20,0.9183415312779506,0.4183415312779506,high,9.25,0.08999999999991815,67,143010
T5/S09,adx_21_dmn_21,0.08533835959702223,0.4146616404029778,low,10.36112679354882,20.725480862703208,67,143010
T5/S09,close_minus_sma_50,0.9140347632035861,0.4140347632035861,high,8.690200000000004,0.12000000000011823,67,142981
T5/S09,sma_21_slope_4,0.9115094012337651,0.4115094012337651,high,1.7033333333336032,0.01761904761929145,67,143006
T5/S09,wma_50_slope_4,0.9092398119768559,0.4092398119768559,high,1.3011372549021871,0.017662745098050436,67,142977
T5/S10,fisher_9,0.8509221650468984,0.35092216504689844,high,2.738010904797312,0.05099691157393532,104,142985
T5/S10,fisher_14,0.8367778710309134,0.3367778710309134,high,2.8938321050236295,0.06893579762791224,104,142980
T5/S10,wma_8_minus_wma_21,0.8261344664861413,0.3261344664861413,high,1.8379455266956484,0.02186868686840171,104,142973
T5/S10,sma_8_slope_4,0.8233807066085779,0.3233807066085779,high,1.951249999999959,0.0187500000001819,104,142982
T5/S10,chop_14,0.17952407750035373,0.3204759224996463,low,38.13061422133414,50.46143393291296,104,142979
T5/S10,sma_8_minus_sma_21,0.8166187174124862,0.31661871741248615,high,2.357946428571495,0.0292261904762654,104,142973
T5/S10,cmo_14,0.8151860789669488,0.31518607896694883,high,46.756319798699955,0.6734006734013565,104,142979
T5/S10,wma_21_slope_4,0.8113832638275,0.31138326382750003,high,1.486298701298665,0.017229437229389077,104,142969
T5/S10,hma_32_slope_4,0.8101936502435964,0.31019365024359635,high,2.125958036245038,0.020890448603836376,104,142954
T5/S10,roc_10,0.8061537641107416,0.3061537641107416,high,0.27053052262210975,0.0037703409896356734,104,142983
T5/S10,ema_21_slope_4,0.8039889766312978,0.30398897663129776,high,1.2867272956290208,0.021773107222998078,104,142969
T5/S10,mom_10,0.8024298477656568,0.30242984776565685,high,4.465000000000032,0.05999999999994543,104,142983
T5/S10,ema_8_slope_4,0.7981206348728135,0.2981206348728135,high,1.6427516803829576,0.02108627460529533,104,142982
T5/S10,adx_7_dmn_7,0.20488024462686494,0.29511975537313506,low,8.468327750371337,19.802165855073532,104,142987
T5/S10,close_minus_sma_21,0.7941072050182687,0.2941072050182687,high,3.643809523809523,0.052857142856964856,104,142973
T5/S10,cmo_9,0.7933912185978851,0.2933912185978851,high,52.48210721558246,0.8716807186186974,104,142984
T5/S10,wma_8_slope_4,0.7890418966131294,0.2890418966131294,high,1.8306944444448163,0.018333333333202972,104,142982
T5/S10,adx_7_adx_7,0.7857948759193277,0.28579487591932773,high,49.01773004806223,32.09983608723637,104,142987
T5/S10,hma_16_slope_4,0.7846444652842455,0.2846444652842455,high,2.226941993464152,0.02117647058798866,104,142971
T5/S10,ema_8_minus_ema_21,0.7830403292929434,0.2830403292929434,high,1.7776537496058609,0.03381924447421625,104,142973
T5/S10,aroon_14_aroonosc_14,0.782645898241108,0.282645898241108,high,78.57142857142857,7.142857142857139,104,142979
T5/S10,close_minus_wma_21,0.7801493517603377,0.28014935176033773,high,2.4825974025972073,0.03891774891781097,104,142973
T5/S10,close_minus_ema_21,0.7796883650436419,0.2796883650436419,high,3.2091015138443026,0.0544177465840221,104,142973
T5/S10,adx_7_dmp_7,0.773261124868264,0.27326112486826404,high,31.41899855405984,19.409631829295574,104,142987
T5/S10,rsi_8,0.7705206009948258,0.2705206009948258,high,68.52036869532463,50.44609354285794,104,142986
T5/S10,close_minus_wma_50,0.7690780063413752,0.26907800634137524,high,4.396227450980405,0.0894274509804518,104,142944
T5/S10,adx_14_dmp_14,0.7681773674639809,0.2681773674639809,high,27.792860605421005,20.042242056686653,104,142980
T5/S10,rsi_14,0.767407961845121,0.26740796184512095,high,63.292337859443556,50.382857624357726,104,142980
T5/S10,aroon_14_aroonu_14,0.7652374447673058,0.2652374447673058,high,92.85714285714286,50.0,104,142979
T5/S10,ao,0.7644208237376782,0.26442082373767817,high,3.6136029411765094,0.07598529411779964,104,142960
T5/S10,adx_14_dmn_14,0.23649192463711974,0.26350807536288023,low,11.89637257581636,20.468408386666805,104,142980
T5/S10,ema_50_slope_4,0.7620074587508475,0.2620074587508475,high,0.6774364012975411,0.02072170462440681,104,142940
T5/S10,chop_21,0.24225120599192093,0.25774879400807904,low,41.515958476312605,50.048797128317545,104,142972
T5/S10,close_minus_ema_50,0.7568690159459971,0.2568690159459971,high,4.490796238955454,0.1328966232978246,104,142944
T5/S10,rsi_21,0.7566444430874253,0.2566444430874253,high,60.66931007870883,50.338517127943014,104,142973
T5/S10,adx_21_dmp_21,0.7524979837505628,0.25249798375056276,high,25.85450205602185,20.228806335813417,104,142973
T5/S10,close_minus_sma_50,0.7498594796671316,0.24985947966713162,high,4.97930000000008,0.12000000000011823,104,142944
T5/S10,wma_50_slope_4,0.7497425291407906,0.24974252914079065,high,0.7594705882352173,0.017662745098050436,104,142940
T5/S10,efi_13,0.7460050222193529,0.24600502221935294,high,514.4391556457281,1.6025152769947795,104,142980
T5/S10,rsi_34,0.7442279443416125,0.24422794434161255,high,57.9377118247244,50.355985526577925,104,142960
T6/S12,adx_7_dmp_7,0.052872527499992515,0.4471274725000075,low,4.743679317743329,19.435054553095927,159,142932
T6/S12,cmo_9,0.06406884255458498,0.435931157445415,low,-65.77669902912521,0.9756097560994952,159,142929
T6/S12,cci_34,0.06594410369381604,0.434055896306184,low,-188.85457469957825,5.1237364935605125,159,142905
T6/S12,fisher_9,0.06880942291758246,0.4311905770824176,low,-2.781159703806124,0.05475619379558613,159,142930
T6/S12,adx_7_dmn_7,0.9310853628421978,0.4310853628421978,high,40.280026560948556,19.781858919378003,159,142932
T6/S12,rsi_8,0.07066775722234624,0.4293322427776538,low,24.484904453396712,50.474115900979854,159,142931
T6/S12,rsi_14,0.07077928235660388,0.4292207176433961,low,30.993847234384653,50.40862652796204,159,142925
T6/S12,cci_20,0.0718122826401074,0.4281877173598926,low,-174.5159806652583,3.7926297557169977,159,142919
T6/S12,bbands_34_bbp_34_2_0,0.07293462979210141,0.4270653702078986,low,-0.031745800788261905,0.5147893473341765,159,142905
T6/S12,adx_14_dmp_14,0.07353823914772559,0.4264617608522744,low,9.991506417457773,20.057049425964674,159,142925
T6/S12,adx_14_dmn_14,0.9253542617571119,0.4253542617571119,high,34.408487258398274,20.45468430832334,159,142925
T6/S12,cmo_21,0.07588923385755457,0.42411076614244547,low,-41.44000000000091,0.7299270072997062,159,142917
T6/S12,fisher_14,0.07627679996655679,0.4237232000334432,low,-2.8417984218198997,0.07367747794366242,159,142925
T6/S12,cmo_14,0.08103163065597249,0.4189683693440275,low,-52.55140898705331,0.7496251874056069,159,142924
T6/S12,bbands_20_bbp_20_2_0,0.08815535703229181,0.4118446429677082,low,0.01874216889803013,0.511364985547692,159,142919
T6/S12,rsi_21,0.09749767668155755,0.4025023233184425,low,36.106224910260536,50.360989732879474,159,142918
T6/S12,aroon_25_aroond_25,0.8996284496786914,0.3996284496786914,high,100.0,43.99999999999999,159,142913
T6/S12,adx_21_dmn_21,0.8982927801058636,0.39829278010586355,high,30.655772438751935,20.715219990961025,159,142918
T6/S12,ema_8_slope_4,0.10176039639886536,0.39823960360113464,low,-1.9490428956623873,0.023051533778698285,159,142927
T6/S12,cci_14,0.10185801366992189,0.39814198633007813,low,-147.7051235391646,4.095421432092839,159,142925
T6/S12,rsi_5,0.10500485644383699,0.39499514355616305,low,20.632678165216543,50.573737914386655,159,142934
T6/S12,wma_8_slope_4,0.10519122815609833,0.39480877184390173,low,-2.160555555555675,0.020833333333484916,159,142927
T6/S12,close_minus_sma_21,0.11347913273222338,0.3865208672677767,low,-3.692857142857065,0.05809523809523398,159,142918
T6/S12,ema_21_slope_4,0.11363477336020264,0.38636522663979733,low,-1.1489353240287983,0.023181628126280884,159,142914
T6/S12,roc_10,0.11447440308600645,0.3855255969139936,low,-0.26345543167198937,0.004018390839313317,159,142928
T6/S12,close_minus_wma_21,0.11528486977755024,0.38471513022244974,low,-2.7987445887447393,0.042164502164609985,159,142918
T6/S12,close_minus_ema_21,0.11574209638266425,0.3842579036173357,low,-3.1585657676444043,0.05869623220928588,159,142918
T6/S12,wma_21_slope_4,0.1161014237088356,0.3838985762911644,low,-1.271471861471582,0.0189826839826992,159,142914
T6/S12,wma_8_minus_wma_21,0.11662325874334764,0.38337674125665233,low,-1.636976911976717,0.02393037518049823,159,142918
T6/S12,sma_8_slope_4,0.11666097479590343,0.3833390252040966,low,-1.7687499999999545,0.021250000000009095,159,142927
T6/S12,aroon_14_aroonosc_14,0.11757117166021648,0.38242882833978353,low,-85.71428571428571,7.14285714285714,159,142924
T6/S12,adx_21_dmp_21,0.11843159216689413,0.38156840783310586,low,12.630976223248892,20.24051611462938,159,142918
T6/S12,mom_10,0.12015204295147594,0.37984795704852403,low,-4.470000000000027,0.060000000000172804,159,142928
T6/S12,aroon_25_aroonosc_25,0.12329709586696255,0.3767029041330374,low,-80.0,7.9999999999999964,159,142913
T6/S12,hma_16_slope_4,0.12781818796316294,0.3721818120368371,low,-2.4044632352943154,0.024494281045917887,159,142916
T6/S12,close_minus_wma_50,0.12834043983034552,0.3716595601696545,low,-4.0163843137252115,0.0957176470583363,159,142889
T6/S12,aroon_14_aroond_14,0.8708864974462391,0.37088649744623914,high,100.0,42.85714285714286,159,142924
T6/S12,ema_8_minus_ema_21,0.13285909384991929,0.36714090615008077,low,-1.5376032880196817,0.03619506919972082,159,142918
T6/S12,roc_20,0.13379616635514527,0.36620383364485476,low,-0.3522494036722769,0.0060704017359813,159,142918
T6/S12,adx_7_adx_7,0.861001281869181,0.361001281869181,high,51.808122991429805,32.08831830347753,159,142932
