basket_id,target_mode,entry_hour,entry_minute,mfe_5m,mae_5m,mfe_30m,mae_30m,add_ons_30m,max_layers_30m,early_adverse_max,path_mfe,path_mae,observed_minutes
1384,quick_low,22,0,0.11000000000012733,-0.4699999999997999,0.48000000000024556,-0.4699999999997999,0,1,0.37000000000011823,2.040000000000191,-0.4699999999997999,55.0
1385,overnight_medium,22,20,0.14999999999986358,-0.40000000000009095,0.7100000000000364,-0.5299999999999727,0,1,0.5299999999999727,1.349999999999909,-0.5299999999999727,196.0
1386,overnight_medium,22,0,0.819999999999709,-0.2500000000002274,0.8699999999996635,-0.29000000000041837,0,1,0.290000000000191,3.680000000000291,-3.2600000000004457,235.0
1387,overnight_medium,22,10,-0.31999999999993634,-1.0399999999999636,-0.31999999999993634,-2.019999999999982,0,1,2.019999999999982,2.0599999999999454,-2.1900000000000546,3156.0
1388,overnight_medium,22,0,-0.4500000000000455,-0.7599999999999909,-0.10999999999989996,-1.0599999999999454,0,1,1.0599999999999454,0.30999999999994543,-2.339999999999918,309.0
1389,late_high,5,11,-0.2699999999999818,-1.290000000000191,0.01999999999998181,-1.290000000000191,0,1,1.290000000000191,4.329999999999927,-3.0,562.0
1390,overnight_medium,22,30,-0.2899999999999636,-0.5299999999999727,-0.2899999999999636,-1.150000000000091,0,1,1.150000000000091,0.5699999999999363,-1.8699999999998909,3192.0
1391,late_high,7,46,0.5099999999999909,-0.05999999999994543,0.6600000000000819,-0.05999999999994543,0,1,0.0,3.5850000000000364,-6.740000000000009,752.0
1392,timeout_loss,22,30,0.12000000000011823,-0.30999999999994543,0.12000000000011823,-1.8299999999999272,0,1,1.8299999999999272,0.16000000000008185,-1.8299999999999272,236.0
1393,late_high,4,1,0.12000000000011823,-0.4699999999997999,0.3100000000001728,-1.740000000000009,0,1,1.740000000000009,3.77666666666687,-4.764999999999873,680.0
1394,quick_low,22,20,-0.040000000000190994,-0.5200000000002092,0.6999999999998181,-0.5200000000002092,0,1,0.5200000000002092,0.8999999999998636,-0.5200000000002092,38.0
1395,mixed_other,22,10,-0.2800000000002001,-0.39000000000010004,0.30999999999971806,-0.5300000000002001,0,1,0.5299999999999727,2.3466666666665787,-9.503999999999905,3556.0
1396,overnight_medium,22,0,-0.14000000000010004,-0.6099999999999,-0.049999999999954525,-0.6600000000000819,0,1,0.6600000000000819,0.6199999999998909,-2.2100000000000364,3063.0
1397,late_high,10,45,-0.2799999999999727,-0.3300000000001546,-0.17000000000007276,-0.7000000000000455,0,1,0.7000000000000455,3.5499999999999545,-3.650000000000091,1466.0
1398,mixed_other,22,0,-0.3400000000001455,-0.6400000000001,-0.3400000000001455,-1.7100000000000364,0,1,1.7100000000000364,2.426666666666506,-4.7800000000002,1223.0
1399,overnight_medium,22,0,-0.18000000000006366,-0.19000000000005457,0.4700000000000273,-0.19000000000005457,0,1,0.19000000000005457,2.3299999999999272,-0.9300000000000637,3188.0
1400,overnight_medium,22,0,0.209999999999809,-0.2300000000000182,1.009999999999991,-0.2300000000000182,0,1,0.2300000000000182,1.8599999999999,-0.2300000000000182,245.0
1401,overnight_medium,22,20,-0.17000000000007276,-0.2699999999999818,0.11999999999989086,-0.2699999999999818,0,1,0.2699999999999818,2.089999999999918,-1.3600000000001273,387.0
1402,overnight_medium,22,0,-0.37999999999988177,-0.7899999999999636,-0.37999999999988177,-1.740000000000009,0,1,1.740000000000009,2.0699999999999363,-2.1800000000000637,328.0
1403,quick_low,22,0,0.3500000000001364,-0.01999999999998181,1.6200000000001182,-0.049999999999954525,0,1,0.049999999999954525,1.6200000000001182,-0.049999999999954525,29.0
1404,late_high,6,24,-0.11999999999989086,-0.31999999999993634,-0.11999999999989086,-1.8999999999998636,0,1,1.8999999999998636,5.069999999999936,-3.519999999999982,580.0
1405,overnight_medium,22,50,0.0,-0.20000000000004547,0.37999999999988177,-0.20000000000004547,0,1,0.20000000000004547,1.2299999999997908,-0.20000000000004547,4475.0
1406,mixed_other,22,30,0.15000000000009095,-0.10999999999989996,0.15000000000009095,-0.35999999999989996,0,1,0.35999999999989996,2.1266666666665515,-5.463333333333367,3767.0
1407,timeout_loss,22,0,-0.029999999999972715,-0.599999999999909,-0.029999999999972715,-0.9900000000000091,0,1,0.9900000000000091,-0.009999999999990905,-0.9900000000000091,40.0
1408,overnight_medium,22,0,-0.16000000000008185,-0.4700000000000273,1.5299999999999727,-0.4700000000000273,0,1,0.4700000000000273,1.5299999999999727,-2.040000000000191,388.0
1409,late_high,6,17,-0.3100000000001728,-0.5100000000002183,-0.3100000000001728,-1.6800000000000637,0,1,1.6800000000000637,3.5699999999999363,-1.6800000000000637,226.0
1410,quick_low,22,30,1.0700000000001637,-0.25,1.9500000000000455,-0.25,0,1,0.25,1.9500000000000455,-0.25,10.0
1411,quick_low,22,0,0.17000000000007276,-1.5399999999999636,0.9900000000000091,-1.5899999999999181,0,1,1.5899999999999181,0.9900000000000091,-1.5899999999999181,39.0
1412,overnight_medium,22,50,-0.7199999999997999,-1.199999999999818,-0.7199999999997999,-1.8799999999998818,0,1,1.8799999999998818,2.4200000000000728,-1.8799999999998818,3018.0
1413,quick_low,22,50,-0.14000000000010004,-0.5399999999999636,1.0599999999999454,-0.5399999999999636,0,1,0.5399999999999636,2.3299999999999272,-0.5399999999999636,41.0
1414,quick_low,22,20,0.7899999999999636,0.2799999999999727,1.1100000000001273,0.2799999999999727,0,1,-0.2799999999999727,1.1100000000001273,0.2799999999999727,8.0
1415,late_high,1,9,1.1799999999998363,0.5699999999999363,1.1799999999998363,-2.9200000000000728,0,1,2.9200000000000728,4.329999999999927,-2.9200000000000728,423.0
1416,timeout_loss,22,0,-0.209999999999809,-0.5299999999999727,-0.209999999999809,-1.8099999999999454,0,1,1.8099999999999454,-0.209999999999809,-2.6799999999998363,3065.0
1417,quick_low,22,0,0.6600000000000819,-0.2699999999999818,5.350000000000136,-0.2699999999999818,0,1,0.2699999999999818,5.350000000000136,-0.2699999999999818,9.0
1418,quick_low,22,10,0.8799999999996544,-1.1400000000003274,0.8799999999996544,-1.1400000000003274,0,1,1.1400000000001,0.8799999999996544,-1.1400000000003274,5.0
1419,quick_low,22,20,1.1800000000000637,-0.8099999999999454,1.1800000000000637,-1.1200000000001182,0,1,1.1200000000001182,1.1800000000000637,-1.1200000000001182,26.0
1420,timeout_loss,22,50,-0.009999999999990905,-2.25,-0.009999999999990905,-2.630000000000109,0,1,2.630000000000109,-0.009999999999990905,-2.630000000000109,46.0
1421,overnight_medium,23,41,0.07999999999969987,-0.23000000000024556,0.7599999999997635,-0.23000000000024556,0,2,0.2300000000000182,4.029999999999745,-0.23000000000024556,85.0
1422,timeout_loss,22,20,-0.8400000000001455,-1.3600000000001273,-0.14000000000010004,-1.6300000000001091,0,1,1.6300000000001091,-0.14000000000010004,-4.384999999999991,678.0
1423,late_high,22,0,-0.2599999999999909,-0.6499999999998636,-0.08999999999991815,-0.6599999999998545,0,1,0.6599999999998545,3.660000000000082,-3.1799999999998363,687.0
1424,quick_low,22,0,-2.0399999999999636,-3.0599999999999454,0.9200000000000728,-3.0599999999999454,0,1,3.0599999999999454,0.9200000000000728,-3.0599999999999454,14.0
1425,mixed_other,22,30,-0.11999999999989086,-0.3999999999998636,1.4500000000000455,-0.3999999999998636,0,1,0.36999999999989086,2.410565217391195,-6.858662790697963,1125.0
1426,quick_low,22,0,1.8299999999999272,0.4700000000000273,1.8299999999999272,0.049999999999954525,0,1,-0.049999999999954525,1.8299999999999272,0.049999999999954525,13.0
1427,quick_low,22,0,0.7699999999999818,0.14999999999986358,1.2799999999999727,0.08999999999991815,0,1,-0.08999999999991815,1.2799999999999727,0.08999999999991815,19.0
1428,overnight_medium,22,30,-0.33999999999991815,-1.1400000000001,0.8699999999998909,-1.259999999999991,0,1,1.259999999999991,3.930000000000291,-3.7000000000000455,3262.0
1429,overnight_medium,22,0,-0.39000000000010004,-0.7999999999999545,-0.39000000000010004,-2.1800000000000637,0,1,2.1800000000000637,0.029999999999972715,-3.269999999999982,284.0
1430,overnight_medium,22,0,0.08999999999991815,-0.3000000000001819,0.7799999999999727,-0.5199999999999818,0,1,0.5199999999999818,2.1499999999998636,-0.5199999999999818,208.0
1431,timeout_loss,22,0,-0.40000000000009095,-0.6800000000000637,-0.40000000000009095,-1.6800000000000637,0,1,1.6800000000000637,-0.009999999999990905,-3.2000000000000455,3088.0
1432,timeout_loss,22,50,1.4700000000000273,-1.2699999999999818,1.4700000000000273,-1.2699999999999818,0,2,1.2699999999999818,1.4700000000000273,-1.2699999999999818,5.0
1433,overnight_medium,22,0,-0.4800000000000182,-2.0300000000002,0.024999999999863576,-4.009999999999991,1,2,4.009999999999991,7.059999999999945,-6.083333333333485,312.0
1434,quick_low,22,20,1.3599999999996726,0.30999999999971806,1.3599999999996726,-0.5300000000002001,0,1,0.5299999999999727,1.3599999999996726,-1.930000000000291,47.0
1435,timeout_loss,22,20,0.3799999999996544,-0.8300000000001546,0.3799999999996544,-2.6300000000003365,0,1,2.630000000000109,0.3799999999996544,-2.6300000000003365,10.0
1436,overnight_medium,22,46,1.2699999999999818,-0.25,3.0799999999999272,-0.25,0,1,0.25,4.149999999999864,-0.25,152.0
1437,late_high,22,20,-0.5000000000002274,-1.7200000000000273,-0.5000000000002274,-2.3500000000001364,0,1,2.349999999999909,4.241599281221852,-3.6984007187782026,774.0
1438,quick_low,22,20,0.16000000000008185,-0.8799999999998818,0.3300000000001546,-0.9899999999997817,0,1,0.9899999999997817,0.3300000000001546,-0.9899999999997817,15.0
1439,timeout_loss,22,0,0.18000000000006366,-1.7100000000000364,0.18000000000006366,-1.7100000000000364,0,1,1.7100000000000364,0.18000000000006366,-1.7100000000000364,14.0
1440,quick_low,22,33,1.5499999999999545,-0.09999999999990905,4.070000000000164,-0.09999999999990905,0,1,-1.240000000000009,4.070000000000164,-0.09999999999990905,24.0
1441,quick_low,22,50,2.160000000000082,0.42000000000007276,2.869999999999891,0.42000000000007276,0,1,-0.8399999999999181,2.869999999999891,0.42000000000007276,6.0
1442,quick_low,22,0,3.6199999999996635,-0.23000000000024556,3.6199999999996635,-0.23000000000024556,0,1,0.2300000000000182,3.6199999999996635,-0.23000000000024556,4.0
1443,overnight_medium,22,10,-0.45000000000027285,-2.290000000000191,0.22999999999979082,-3.4600000000002638,1,2,3.7200000000000273,5.720000000000027,-5.605000000000018,197.0
1444,quick_low,22,0,0.2699999999999818,-1.6799999999998363,1.5199999999999818,-1.6799999999998363,0,1,1.6799999999998363,1.9600000000000364,-1.6799999999998363,37.0
1445,late_high,11,15,1.5399999999999636,0.0,4.019999999999982,0.0,0,1,0.0,5.7999999999999545,0.0,33.0
1446,quick_low,22,50,0.4700000000000273,0.09000000000014552,0.9300000000000637,-0.8299999999999272,0,1,0.8299999999999272,0.9300000000000637,-0.8299999999999272,50.0
1447,overnight_medium,22,40,-0.34999999999990905,-1.5299999999999727,-0.10999999999989996,-1.5299999999999727,0,1,1.5299999999999727,2.2000000000000455,-1.5299999999999727,3120.0
1448,overnight_medium,22,0,0.2899999999999636,-0.12999999999988177,0.8599999999999,-0.33999999999991815,0,1,0.33999999999991815,0.8599999999999,-1.5,284.0
1449,mixed_other,4,25,0.6100000000001273,0.12000000000011823,1.4300000000000637,0.12000000000011823,0,1,-0.12000000000011823,4.040000000000191,-6.8699999999996635,683.0
1450,overnight_medium,22,0,0.4900000000000091,-0.9699999999997999,0.8400000000001455,-0.9699999999997999,0,1,0.9699999999997999,1.540000000000191,-0.9699999999997999,343.0
1451,overnight_medium,22,30,-0.42000000000007276,-1.3500000000001364,-0.11000000000012733,-1.4300000000000637,0,1,1.4300000000000637,1.1799999999998363,-1.4300000000000637,185.0
1452,overnight_medium,22,50,0.4499999999998181,-0.1300000000003365,0.4999999999997726,-0.2800000000002001,0,1,0.2799999999999727,0.6699999999998454,-0.2800000000002001,136.0
1453,late_high,3,29,0.010000000000218279,-0.2999999999999545,0.6000000000001364,-1.0799999999999272,0,1,1.0800000000001546,3.800000000000182,-2.2799999999999727,241.0
1454,mixed_other,22,0,0.20000000000004547,-0.23999999999978172,0.290000000000191,-0.2799999999999727,0,1,0.2800000000002001,2.1350000000002183,-3.5799999999999272,530.0
1455,quick_low,22,0,0.38999999999987267,0.01999999999998181,0.6299999999998818,-0.16000000000008185,0,1,0.16000000000008185,1.259999999999991,-0.2599999999999909,60.0
1456,quick_low,22,0,0.38999999999987267,-0.060000000000172804,1.3099999999999454,-0.4600000000000364,0,1,0.4600000000000364,1.3099999999999454,-0.4600000000000364,30.0
1457,timeout_loss,22,0,0.03999999999996362,-0.290000000000191,0.03999999999996362,-1.9700000000000273,0,1,1.9700000000000273,0.03999999999996362,-2.060000000000173,346.0
1458,late_high,7,21,0.3500000000001364,-0.18000000000006366,1.5599999999999454,-0.18000000000006366,0,1,0.18000000000006366,5.020000000000209,-3.2999999999999545,495.0
1459,quick_low,22,10,0.7699999999999818,0.09999999999990905,2.1499999999998636,-0.4900000000000091,0,2,0.4900000000000091,2.1499999999998636,-0.4900000000000091,21.0
1460,quick_low,22,50,1.7100000000000364,0.17000000000007276,2.25,0.17000000000007276,0,2,-1.0299999999999727,2.25,0.17000000000007276,10.0
1461,late_high,22,10,0.4399999999995998,-0.5200000000004366,0.4399999999995998,-3.3900000000003274,1,4,3.6299999999998818,5.436632663575665,-4.740000000000009,637.0
1462,timeout_loss,22,0,-0.10000000000013642,-0.8400000000001455,0.7299999999997908,-1.3600000000001273,0,2,1.3599999999999,0.7299999999997908,-2.4200000000000728,191.0
1463,late_high,3,23,1.0,-0.08999999999991815,1.0,-1.8299999999999272,0,2,1.8299999999999272,3.9550000000001546,-3.974999999999909,412.0
1464,late_high,22,20,-0.020000000000209184,-0.37000000000011823,1.2199999999998,-0.37000000000011823,0,2,0.37000000000011823,7.940000000000055,-8.164999999999964,1137.0
1465,overnight_medium,22,20,0.18000000000006366,-0.6999999999998181,0.18000000000006366,-1.0399999999999636,0,2,1.0399999999999636,0.22000000000002728,-2.6799999999998363,276.0
1466,overnight_medium,3,38,0.6200000000001182,-0.36999999999989086,0.6200000000001182,-1.6399999999998727,0,2,1.6399999999998727,4.5900000000001455,-1.949999999999818,73.0
1467,quick_low,22,40,1.099999999999909,-0.03000000000020009,2.75,-0.03000000000020009,0,2,0.03000000000020009,2.75,-0.03000000000020009,19.0
1468,overnight_medium,22,30,0.16000000000008185,-0.049999999999954525,0.5800000000001546,-0.8099999999999454,0,3,0.8099999999999454,0.8200000000001637,-2.0499999999999545,228.0
1469,late_high,22,0,-0.39000000000010004,-0.8600000000001273,0.7799999999997453,-1.0200000000002092,0,3,1.0199999999999818,8.069999999999936,-5.42428635968713,3663.0
1470,overnight_medium,22,0,-0.2600000000002183,-0.8200000000003911,-0.1000000000003638,-0.9900000000002365,1,3,0.9900000000000091,2.2819084581312836,-3.2400000000002365,3200.0
1471,overnight_medium,22,30,-0.7099999999995816,-1.5299999999997453,1.7700000000002092,-1.5299999999997453,0,8,1.5299999999999727,1.8900000000003274,-2.3399999999996908,295.0
1472,quick_low,22,30,1.0200000000002092,0.2600000000002183,2.450000000000273,0.2600000000002183,0,4,-0.7300000000000182,2.450000000000273,0.2600000000002183,27.0
1473,overnight_medium,22,50,-0.2599999999999909,-0.9800000000000182,-0.2599999999999909,-1.6399999999998727,0,4,1.6399999999998727,3.0,-1.9199999999998454,191.0
1474,late_high,22,20,0.75,0.21000000000003638,1.3199999999999363,0.08999999999991815,0,4,-0.08999999999991815,3.519999999999982,-3.25,3293.0
1475,overnight_medium,22,20,0.26999999999975444,-0.17000000000030013,0.26999999999975444,-3.1400000000001,2,10,3.3299999999999272,4.149999999999636,-3.1400000000001,271.0
1476,mixed_other,22,20,-0.900000000000091,-1.4600000000000364,-0.8700000000001182,-2.0300000000002,1,5,2.0299999999999727,2.1550000000004275,-7.250000000000227,3283.0
1477,timeout_loss,22,0,0.07999999999969987,-0.7100000000002638,0.07999999999969987,-2.440000000000282,1,5,2.4400000000000546,0.07999999999969987,-3.1100000000001273,61.0
1478,mixed_other,22,50,-0.10999999999989996,-0.5,-0.10999999999989996,-1.0699999999999363,1,5,1.0699999999999363,2.1700000000000728,-3.0,383.0
1479,overnight_medium,22,20,-0.09000000000014552,-0.38000000000010914,-0.09000000000014552,-0.5300000000002001,1,6,0.5299999999999727,2.0299999999997453,-0.8700000000001182,371.0
1480,quick_low,22,10,2.149999999999636,0.169999999999618,2.149999999999636,0.169999999999618,1,6,-0.5,2.149999999999636,0.169999999999618,6.0
1481,quick_low,22,20,0.21000000000003638,-0.2699999999999818,1.5,-0.2699999999999818,1,6,0.2699999999999818,1.5,-0.2699999999999818,12.0
1482,overnight_medium,22,20,0.6600000000003092,0.23000000000024556,0.6600000000003092,-1.0299999999997453,1,7,1.0299999999999727,7.190000000000055,-3.4399999999996,252.0
1483,quick_low,22,0,2.050000000000182,-0.09999999999968168,2.7600000000002183,-0.09999999999968168,1,7,-0.11999999999989086,2.7600000000002183,-0.09999999999968168,6.0
1484,late_high,22,10,0.2700000000002092,-0.38999999999987267,2.5299999999999727,-3.8799999999998818,2,21,3.880000000000109,5.46936110674983,-6.880000000000109,3971.0
1485,quick_low,22,30,-0.5000000000002274,-0.8200000000001637,0.11999999999989086,-0.8200000000001637,1,8,0.8199999999999363,1.059999999999718,-0.8200000000001637,81.0
1486,timeout_loss,22,0,1.2699999999997544,-0.5700000000001637,1.2699999999997544,-0.5700000000001637,1,8,0.33999999999991815,1.2699999999997544,-0.5700000000001637,6.0
1487,quick_low,22,20,2.8600000000001273,1.6000000000001364,2.8600000000001273,1.6000000000001364,1,8,-1.599999999999909,2.8600000000001273,1.6000000000001364,1.0
1488,quick_low,22,30,5.120000000000118,0.31999999999993634,5.580000000000155,0.31999999999993634,1,8,-1.7899999999999636,5.580000000000155,0.31999999999993634,6.0
1489,timeout_loss,22,40,-0.669999999999618,-1.559999999999718,-0.5899999999996908,-2.8499999999996817,1,8,2.849999999999909,-0.5899999999996908,-2.8499999999996817,14.0
1490,quick_low,22,20,-0.03999999999996362,-0.569999999999709,2.6700000000000728,-0.569999999999709,1,9,0.569999999999709,2.6700000000000728,-0.569999999999709,16.0
1491,quick_low,22,40,0.7699999999999818,-0.10999999999967258,1.9400000000000546,-0.10999999999967258,1,9,-0.24000000000023647,1.9400000000000546,-0.10999999999967258,19.0
