target_mode,feature,operator,threshold,matched,precision,recall,f1
quick_low,mfe_30m,>=,0.6800000000000637,54,0.5555555555555556,0.8823529411764706,0.6818181818181819
quick_low,mfe_5m,>=,0.14999999999997726,54,0.5185185185185185,0.8235294117647058,0.6363636363636364
quick_low,mfe_5m,>=,0.6825000000002319,27,0.7037037037037037,0.5588235294117647,0.6229508196721312
quick_low,mae_5m,>=,-0.10999999999984311,27,0.7037037037037037,0.5588235294117647,0.6229508196721312
quick_low,mfe_30m,>=,1.4350000000000591,27,0.7037037037037037,0.5588235294117647,0.6229508196721312
quick_low,mfe_30m,>=,0.023749999999893134,81,0.41975308641975306,1.0,0.5913043478260869
quick_low,mae_30m,>=,-0.8150000000000546,54,0.48148148148148145,0.7647058823529411,0.5909090909090909
quick_low,early_adverse_max,<=,0.8149999999999409,54,0.48148148148148145,0.7647058823529411,0.5909090909090909
quick_low,mae_30m,>=,-1.6799999999998931,81,0.4074074074074074,0.9705882352941176,0.5739130434782609
quick_low,early_adverse_max,<=,1.6799999999998931,81,0.4074074074074074,0.9705882352941176,0.5739130434782609
quick_low,mae_30m,>=,-0.26499999999998636,27,0.6296296296296297,0.5,0.5573770491803278
quick_low,early_adverse_max,<=,0.26499999999998636,27,0.6296296296296297,0.5,0.5573770491803278
overnight_medium,mfe_5m,<=,0.6825000000002319,81,0.3950617283950617,0.9411764705882353,0.5565217391304348
overnight_medium,mae_5m,<=,-0.10999999999984311,81,0.3950617283950617,0.9411764705882353,0.5565217391304348
quick_low,mfe_5m,>=,-0.2599999999999909,82,0.3902439024390244,0.9411764705882353,0.5517241379310345
overnight_medium,mfe_30m,<=,1.4350000000000591,81,0.38271604938271603,0.9117647058823529,0.5391304347826087
quick_low,entry_hour,>=,22.0,95,0.35789473684210527,1.0,0.5271317829457365
quick_low,entry_hour,>=,22.0,95,0.35789473684210527,1.0,0.5271317829457365
quick_low,entry_hour,>=,22.0,95,0.35789473684210527,1.0,0.5271317829457365
overnight_medium,mfe_5m,<=,0.14999999999997726,54,0.42592592592592593,0.6764705882352942,0.5227272727272728
overnight_medium,mfe_30m,<=,0.6800000000000637,54,0.42592592592592593,0.6764705882352942,0.5227272727272728
quick_low,mae_5m,>=,-0.38999999999998636,54,0.42592592592592593,0.6764705882352942,0.5227272727272728
overnight_medium,entry_hour,>=,22.0,95,0.3473684210526316,0.9705882352941176,0.5116279069767442
overnight_medium,entry_hour,>=,22.0,95,0.3473684210526316,0.9705882352941176,0.5116279069767442
overnight_medium,entry_hour,>=,22.0,95,0.3473684210526316,0.9705882352941176,0.5116279069767442
overnight_medium,mae_30m,<=,-0.26499999999998636,81,0.35802469135802467,0.8529411764705882,0.5043478260869566
overnight_medium,early_adverse_max,>=,0.26499999999998636,81,0.35802469135802467,0.8529411764705882,0.5043478260869566
quick_low,mae_5m,>=,-0.8200000000002206,81,0.35802469135802467,0.8529411764705882,0.5043478260869566
quick_low,entry_hour,<=,22.0,107,0.3177570093457944,1.0,0.48226950354609927
quick_low,entry_hour,<=,22.0,107,0.3177570093457944,1.0,0.48226950354609927
quick_low,entry_hour,<=,22.0,107,0.3177570093457944,1.0,0.48226950354609927
overnight_medium,entry_minute,>=,0.0,108,0.3148148148148148,1.0,0.4788732394366197
quick_low,entry_minute,>=,0.0,108,0.3148148148148148,1.0,0.4788732394366197
overnight_medium,mae_30m,>=,-1.6799999999998931,81,0.3333333333333333,0.7941176470588235,0.46956521739130425
overnight_medium,early_adverse_max,<=,1.6799999999998931,81,0.3333333333333333,0.7941176470588235,0.46956521739130425
overnight_medium,entry_hour,<=,22.0,107,0.308411214953271,0.9705882352941176,0.46808510638297873
overnight_medium,entry_hour,<=,22.0,107,0.308411214953271,0.9705882352941176,0.46808510638297873
overnight_medium,entry_hour,<=,22.0,107,0.308411214953271,0.9705882352941176,0.46808510638297873
overnight_medium,mfe_5m,<=,-0.2599999999999909,28,0.5,0.4117647058823529,0.45161290322580644
quick_low,entry_minute,<=,30.0,87,0.3103448275862069,0.7941176470588235,0.44628099173553715
quick_low,entry_minute,<=,20.0,70,0.32857142857142857,0.6764705882352942,0.44230769230769235
timeout_loss,mae_30m,<=,-1.6799999999998931,27,0.3333333333333333,0.6428571428571429,0.43902439024390244
timeout_loss,early_adverse_max,>=,1.6799999999998931,27,0.3333333333333333,0.6428571428571429,0.43902439024390244
overnight_medium,mae_5m,<=,-0.38999999999998636,54,0.35185185185185186,0.5588235294117647,0.4318181818181818
overnight_medium,mae_30m,<=,-0.8150000000000546,54,0.35185185185185186,0.5588235294117647,0.4318181818181818
overnight_medium,early_adverse_max,>=,0.8149999999999409,54,0.35185185185185186,0.5588235294117647,0.4318181818181818
overnight_medium,entry_minute,<=,30.0,87,0.2988505747126437,0.7647058823529411,0.42975206611570244
overnight_medium,entry_minute,>=,20.0,58,0.3275862068965517,0.5588235294117647,0.4130434782608695
quick_low,entry_minute,>=,20.0,58,0.3275862068965517,0.5588235294117647,0.4130434782608695
overnight_medium,entry_minute,<=,20.0,70,0.3,0.6176470588235294,0.40384615384615385
overnight_medium,mae_5m,>=,-0.8200000000002206,81,0.2839506172839506,0.6764705882352942,0.4
overnight_medium,mfe_30m,<=,0.023749999999893134,27,0.4444444444444444,0.35294117647058826,0.39344262295081966
overnight_medium,entry_minute,>=,30.0,33,0.3939393939393939,0.38235294117647056,0.38805970149253727
overnight_medium,mfe_30m,>=,0.023749999999893134,81,0.2716049382716049,0.6470588235294118,0.3826086956521739
timeout_loss,mae_30m,<=,-0.8150000000000546,54,0.24074074074074073,0.9285714285714286,0.3823529411764706
timeout_loss,early_adverse_max,>=,0.8149999999999409,54,0.24074074074074073,0.9285714285714286,0.3823529411764706
overnight_medium,entry_minute,<=,0.0,37,0.35135135135135137,0.38235294117647056,0.3661971830985916
overnight_medium,mfe_5m,>=,-0.2599999999999909,82,0.25609756097560976,0.6176470588235294,0.36206896551724144
overnight_medium,mae_5m,<=,-0.8200000000002206,27,0.4074074074074074,0.3235294117647059,0.36065573770491804
late_high,mae_30m,<=,-1.6799999999998931,27,0.2962962962962963,0.4444444444444444,0.3555555555555555
late_high,early_adverse_max,>=,1.6799999999998931,27,0.2962962962962963,0.4444444444444444,0.3555555555555555
timeout_loss,mae_5m,<=,-0.38999999999998636,54,0.2222222222222222,0.8571428571428571,0.35294117647058826
timeout_loss,mae_5m,<=,-0.8200000000002206,27,0.25925925925925924,0.5,0.3414634146341463
overnight_medium,mae_5m,>=,-0.38999999999998636,54,0.2777777777777778,0.4411764705882353,0.34090909090909094
overnight_medium,mae_30m,>=,-0.8150000000000546,54,0.2777777777777778,0.4411764705882353,0.34090909090909094
overnight_medium,early_adverse_max,<=,0.8149999999999409,54,0.2777777777777778,0.4411764705882353,0.34090909090909094
quick_low,entry_minute,<=,0.0,37,0.32432432432432434,0.35294117647058826,0.3380281690140845
quick_low,entry_minute,>=,30.0,33,0.3333333333333333,0.3235294117647059,0.3283582089552239
timeout_loss,mfe_30m,<=,0.6800000000000637,54,0.2037037037037037,0.7857142857142857,0.32352941176470584
timeout_loss,entry_minute,<=,0.0,37,0.21621621621621623,0.5714285714285714,0.3137254901960784
late_high,mae_5m,>=,-0.38999999999998636,54,0.2037037037037037,0.6111111111111112,0.3055555555555555
late_high,mae_30m,<=,-0.8150000000000546,54,0.2037037037037037,0.6111111111111112,0.3055555555555555
late_high,early_adverse_max,>=,0.8149999999999409,54,0.2037037037037037,0.6111111111111112,0.3055555555555555
late_high,entry_minute,<=,30.0,87,0.1839080459770115,0.8888888888888888,0.30476190476190473
late_high,mae_5m,>=,-0.8200000000002206,81,0.18518518518518517,0.8333333333333334,0.303030303030303
late_high,mfe_30m,<=,1.4350000000000591,81,0.18518518518518517,0.8333333333333334,0.303030303030303
quick_low,mae_30m,<=,-0.26499999999998636,81,0.20987654320987653,0.5,0.29565217391304344
quick_low,early_adverse_max,>=,0.26499999999998636,81,0.20987654320987653,0.5,0.29565217391304344
timeout_loss,mae_5m,<=,-0.10999999999984311,81,0.1728395061728395,1.0,0.2947368421052632
timeout_loss,mae_30m,<=,-0.26499999999998636,81,0.1728395061728395,1.0,0.2947368421052632
timeout_loss,early_adverse_max,>=,0.26499999999998636,81,0.1728395061728395,1.0,0.2947368421052632
timeout_loss,mfe_5m,<=,0.14999999999997726,54,0.18518518518518517,0.7142857142857143,0.2941176470588235
timeout_loss,mfe_30m,<=,0.023749999999893134,27,0.2222222222222222,0.42857142857142855,0.29268292682926833
late_high,entry_hour,<=,22.0,107,0.16822429906542055,1.0,0.288
late_high,entry_hour,<=,22.0,107,0.16822429906542055,1.0,0.288
late_high,entry_hour,<=,22.0,107,0.16822429906542055,1.0,0.288
late_high,entry_minute,>=,0.0,108,0.16666666666666666,1.0,0.2857142857142857
late_high,mfe_5m,<=,0.6825000000002319,81,0.1728395061728395,0.7777777777777778,0.2828282828282828
late_high,mae_30m,<=,-0.26499999999998636,81,0.1728395061728395,0.7777777777777778,0.2828282828282828
late_high,early_adverse_max,>=,0.26499999999998636,81,0.1728395061728395,0.7777777777777778,0.2828282828282828
late_high,mfe_5m,<=,0.14999999999997726,54,0.18518518518518517,0.5555555555555556,0.2777777777777778
late_high,mfe_30m,<=,0.6800000000000637,54,0.18518518518518517,0.5555555555555556,0.2777777777777778
timeout_loss,mfe_30m,<=,1.4350000000000591,81,0.16049382716049382,0.9285714285714286,0.27368421052631575
late_high,entry_minute,<=,20.0,70,0.17142857142857143,0.6666666666666666,0.27272727272727276
late_high,mfe_30m,<=,0.023749999999893134,27,0.2222222222222222,0.3333333333333333,0.26666666666666666
late_high,mae_5m,<=,-0.10999999999984311,81,0.16049382716049382,0.7222222222222222,0.26262626262626265
late_high,mfe_5m,<=,-0.2599999999999909,28,0.21428571428571427,0.3333333333333333,0.2608695652173913
quick_low,mfe_5m,<=,0.6825000000002319,81,0.18518518518518517,0.4411764705882353,0.2608695652173913
quick_low,mae_5m,<=,-0.10999999999984311,81,0.18518518518518517,0.4411764705882353,0.2608695652173913
quick_low,mfe_30m,<=,1.4350000000000591,81,0.18518518518518517,0.4411764705882353,0.2608695652173913
late_high,mfe_5m,>=,-0.2599999999999909,82,0.15853658536585366,0.7222222222222222,0.26
timeout_loss,entry_hour,>=,22.0,95,0.14736842105263157,1.0,0.2568807339449541
timeout_loss,entry_hour,>=,22.0,95,0.14736842105263157,1.0,0.2568807339449541
timeout_loss,entry_hour,>=,22.0,95,0.14736842105263157,1.0,0.2568807339449541
timeout_loss,mfe_5m,<=,0.6825000000002319,81,0.14814814814814814,0.8571428571428571,0.25263157894736843
overnight_medium,mfe_5m,>=,0.14999999999997726,54,0.2037037037037037,0.3235294117647059,0.25
overnight_medium,mfe_30m,>=,0.6800000000000637,54,0.2037037037037037,0.3235294117647059,0.25
quick_low,mae_5m,<=,-0.38999999999998636,54,0.2037037037037037,0.3235294117647059,0.25
late_high,mfe_30m,>=,0.023749999999893134,81,0.14814814814814814,0.6666666666666666,0.24242424242424243
timeout_loss,entry_minute,<=,20.0,70,0.14285714285714285,0.7142857142857143,0.23809523809523808
late_high,entry_minute,>=,20.0,58,0.15517241379310345,0.5,0.2368421052631579
timeout_loss,entry_hour,<=,22.0,107,0.1308411214953271,1.0,0.23140495867768593
timeout_loss,entry_hour,<=,22.0,107,0.1308411214953271,1.0,0.23140495867768593
timeout_loss,entry_hour,<=,22.0,107,0.1308411214953271,1.0,0.23140495867768593
overnight_medium,mae_30m,<=,-1.6799999999998931,27,0.25925925925925924,0.20588235294117646,0.22950819672131148
overnight_medium,early_adverse_max,>=,1.6799999999998931,27,0.25925925925925924,0.20588235294117646,0.22950819672131148
timeout_loss,entry_minute,>=,0.0,108,0.12962962962962962,1.0,0.22950819672131148
timeout_loss,mfe_5m,>=,-0.2599999999999909,82,0.13414634146341464,0.7857142857142857,0.22916666666666669
late_high,mae_5m,>=,-0.10999999999984311,27,0.18518518518518517,0.2777777777777778,0.22222222222222224
late_high,mfe_5m,>=,0.14999999999997726,54,0.14814814814814814,0.4444444444444444,0.2222222222222222
late_high,mfe_30m,>=,0.6800000000000637,54,0.14814814814814814,0.4444444444444444,0.2222222222222222
timeout_loss,entry_minute,<=,30.0,87,0.12643678160919541,0.7857142857142857,0.21782178217821782
late_high,mae_30m,>=,-1.6799999999998931,81,0.12345679012345678,0.5555555555555556,0.20202020202020202
late_high,early_adverse_max,<=,1.6799999999998931,81,0.12345679012345678,0.5555555555555556,0.20202020202020202
late_high,mae_5m,<=,-0.38999999999998636,54,0.12962962962962962,0.3888888888888889,0.19444444444444445
late_high,mae_30m,>=,-0.8150000000000546,54,0.12962962962962962,0.3888888888888889,0.19444444444444445
late_high,early_adverse_max,<=,0.8149999999999409,54,0.12962962962962962,0.3888888888888889,0.19444444444444445
mixed_other,mfe_30m,<=,0.6800000000000637,54,0.1111111111111111,0.75,0.19354838709677416
quick_low,mae_30m,<=,-0.8150000000000546,54,0.14814814814814814,0.23529411764705882,0.1818181818181818
quick_low,early_adverse_max,>=,0.8149999999999409,54,0.14814814814814814,0.23529411764705882,0.1818181818181818
mixed_other,mfe_5m,<=,0.6825000000002319,81,0.09876543209876543,1.0,0.1797752808988764
late_high,mfe_5m,>=,0.6825000000002319,27,0.14814814814814814,0.2222222222222222,0.17777777777777776
late_high,mae_30m,>=,-0.26499999999998636,27,0.14814814814814814,0.2222222222222222,0.17777777777777776
late_high,early_adverse_max,<=,0.26499999999998636,27,0.14814814814814814,0.2222222222222222,0.17777777777777776
mixed_other,mfe_30m,<=,0.023749999999893134,27,0.1111111111111111,0.375,0.17142857142857143
timeout_loss,entry_minute,>=,30.0,33,0.12121212121212122,0.2857142857142857,0.1702127659574468
timeout_loss,mfe_30m,>=,0.023749999999893134,81,0.09876543209876543,0.5714285714285714,0.16842105263157894
mixed_other,mfe_5m,<=,-0.2599999999999909,28,0.10714285714285714,0.375,0.16666666666666666
timeout_loss,entry_minute,>=,20.0,58,0.10344827586206896,0.42857142857142855,0.16666666666666663
overnight_medium,mae_30m,>=,-0.26499999999998636,27,0.18518518518518517,0.14705882352941177,0.1639344262295082
overnight_medium,early_adverse_max,<=,0.26499999999998636,27,0.18518518518518517,0.14705882352941177,0.1639344262295082
quick_low,mae_5m,<=,-0.8200000000002206,27,0.18518518518518517,0.14705882352941177,0.1639344262295082
mixed_other,mfe_5m,<=,0.14999999999997726,54,0.09259259259259259,0.625,0.16129032258064516
mixed_other,mae_5m,<=,-0.38999999999998636,54,0.09259259259259259,0.625,0.16129032258064516
mixed_other,mae_30m,>=,-0.8150000000000546,54,0.09259259259259259,0.625,0.16129032258064516
mixed_other,early_adverse_max,<=,0.8149999999999409,54,0.09259259259259259,0.625,0.16129032258064516
mixed_other,mae_5m,>=,-0.8200000000002206,81,0.08641975308641975,0.875,0.15730337078651688
mixed_other,mae_5m,<=,-0.10999999999984311,81,0.08641975308641975,0.875,0.15730337078651688
mixed_other,mfe_30m,<=,1.4350000000000591,81,0.08641975308641975,0.875,0.15730337078651688
mixed_other,mae_30m,<=,-0.26499999999998636,81,0.08641975308641975,0.875,0.15730337078651688
mixed_other,early_adverse_max,>=,0.26499999999998636,81,0.08641975308641975,0.875,0.15730337078651688
mixed_other,entry_minute,>=,20.0,58,0.08620689655172414,0.625,0.15151515151515152
timeout_loss,mae_5m,>=,-0.8200000000002206,81,0.08641975308641975,0.5,0.1473684210526316
mixed_other,entry_minute,<=,30.0,87,0.08045977011494253,0.875,0.14736842105263157
mixed_other,entry_minute,>=,30.0,33,0.09090909090909091,0.375,0.14634146341463414
timeout_loss,mfe_5m,<=,-0.2599999999999909,28,0.10714285714285714,0.21428571428571427,0.14285714285714285
mixed_other,entry_hour,<=,22.0,107,0.07476635514018691,1.0,0.1391304347826087
mixed_other,entry_hour,<=,22.0,107,0.07476635514018691,1.0,0.1391304347826087
mixed_other,entry_hour,<=,22.0,107,0.07476635514018691,1.0,0.1391304347826087
mixed_other,entry_minute,>=,0.0,108,0.07407407407407407,1.0,0.13793103448275862
quick_low,mfe_5m,<=,0.14999999999997726,54,0.1111111111111111,0.17647058823529413,0.13636363636363638
mixed_other,entry_hour,>=,22.0,95,0.07368421052631578,0.875,0.13592233009708737
mixed_other,entry_hour,>=,22.0,95,0.07368421052631578,0.875,0.13592233009708737
mixed_other,entry_hour,>=,22.0,95,0.07368421052631578,0.875,0.13592233009708737
mixed_other,mae_30m,>=,-1.6799999999998931,81,0.07407407407407407,0.75,0.1348314606741573
mixed_other,early_adverse_max,<=,1.6799999999998931,81,0.07407407407407407,0.75,0.1348314606741573
late_high,mae_5m,<=,-0.8200000000002206,27,0.1111111111111111,0.16666666666666666,0.13333333333333333
late_high,mfe_30m,>=,1.4350000000000591,27,0.1111111111111111,0.16666666666666666,0.13333333333333333
late_high,entry_hour,>=,22.0,95,0.07368421052631578,0.3888888888888889,0.1238938053097345
late_high,entry_hour,>=,22.0,95,0.07368421052631578,0.3888888888888889,0.1238938053097345
late_high,entry_hour,>=,22.0,95,0.07368421052631578,0.3888888888888889,0.1238938053097345
timeout_loss,mfe_5m,>=,0.14999999999997726,54,0.07407407407407407,0.2857142857142857,0.11764705882352941
mixed_other,mae_30m,<=,-1.6799999999998931,27,0.07407407407407407,0.25,0.11428571428571428
mixed_other,early_adverse_max,>=,1.6799999999998931,27,0.07407407407407407,0.25,0.11428571428571428
mixed_other,mfe_30m,>=,0.023749999999893134,81,0.06172839506172839,0.625,0.11235955056179774
mixed_other,mfe_5m,>=,-0.2599999999999909,82,0.06097560975609756,0.625,0.1111111111111111
timeout_loss,mae_30m,>=,-1.6799999999998931,81,0.06172839506172839,0.35714285714285715,0.10526315789473684
timeout_loss,early_adverse_max,<=,1.6799999999998931,81,0.06172839506172839,0.35714285714285715,0.10526315789473684
mixed_other,entry_minute,<=,20.0,70,0.05714285714285714,0.5,0.10256410256410256
overnight_medium,mfe_30m,>=,1.4350000000000591,27,0.1111111111111111,0.08823529411764706,0.09836065573770492
timeout_loss,mfe_5m,>=,0.6825000000002319,27,0.07407407407407407,0.14285714285714285,0.0975609756097561
mixed_other,mfe_5m,>=,0.14999999999997726,54,0.05555555555555555,0.375,0.09677419354838708
mixed_other,mae_5m,>=,-0.38999999999998636,54,0.05555555555555555,0.375,0.09677419354838708
mixed_other,mae_30m,<=,-0.8150000000000546,54,0.05555555555555555,0.375,0.09677419354838708
mixed_other,early_adverse_max,>=,0.8149999999999409,54,0.05555555555555555,0.375,0.09677419354838708
quick_low,mfe_30m,<=,0.6800000000000637,54,0.07407407407407407,0.11764705882352941,0.0909090909090909
mixed_other,entry_minute,<=,0.0,37,0.05405405405405406,0.25,0.08888888888888889
timeout_loss,mfe_30m,>=,0.6800000000000637,54,0.05555555555555555,0.21428571428571427,0.08823529411764706
late_high,entry_minute,>=,30.0,33,0.06060606060606061,0.1111111111111111,0.0784313725490196
late_high,entry_minute,<=,0.0,37,0.05405405405405406,0.1111111111111111,0.07272727272727272
overnight_medium,mfe_5m,>=,0.6825000000002319,27,0.07407407407407407,0.058823529411764705,0.06557377049180327
overnight_medium,mae_5m,>=,-0.10999999999984311,27,0.07407407407407407,0.058823529411764705,0.06557377049180327
quick_low,mfe_5m,<=,-0.2599999999999909,28,0.07142857142857142,0.058823529411764705,0.06451612903225808
mixed_other,mfe_30m,>=,0.6800000000000637,54,0.037037037037037035,0.25,0.06451612903225806
timeout_loss,mae_5m,>=,-0.38999999999998636,54,0.037037037037037035,0.14285714285714285,0.058823529411764705
mixed_other,mae_5m,<=,-0.8200000000002206,27,0.037037037037037035,0.125,0.05714285714285714
mixed_other,mae_5m,>=,-0.10999999999984311,27,0.037037037037037035,0.125,0.05714285714285714
mixed_other,mfe_30m,>=,1.4350000000000591,27,0.037037037037037035,0.125,0.05714285714285714
mixed_other,mae_30m,>=,-0.26499999999998636,27,0.037037037037037035,0.125,0.05714285714285714
mixed_other,early_adverse_max,<=,0.26499999999998636,27,0.037037037037037035,0.125,0.05714285714285714
timeout_loss,mfe_30m,>=,1.4350000000000591,27,0.037037037037037035,0.07142857142857142,0.04878048780487805
quick_low,mae_30m,<=,-1.6799999999998931,27,0.037037037037037035,0.029411764705882353,0.032786885245901634
quick_low,early_adverse_max,>=,1.6799999999998931,27,0.037037037037037035,0.029411764705882353,0.032786885245901634
timeout_loss,mae_30m,>=,-0.8150000000000546,54,0.018518518518518517,0.07142857142857142,0.029411764705882353
timeout_loss,early_adverse_max,<=,0.8149999999999409,54,0.018518518518518517,0.07142857142857142,0.029411764705882353
mixed_other,mfe_5m,>=,0.6825000000002319,27,0.0,0.0,0.0
quick_low,mfe_30m,<=,0.023749999999893134,27,0.0,0.0,0.0
timeout_loss,mae_5m,>=,-0.10999999999984311,27,0.0,0.0,0.0
timeout_loss,mae_30m,>=,-0.26499999999998636,27,0.0,0.0,0.0
timeout_loss,early_adverse_max,<=,0.26499999999998636,27,0.0,0.0,0.0
