mode,strategy,feature,auc,auc_lift,direction,positive_median,background_median,positive_count,background_count
all_background,T1/S01,fisher_9,0.8863933438581275,0.3863933438581275,high,2.5787696090622885,0.09707215488195492,196,72288
all_background,T1/S01,fisher_14,0.8845898222604067,0.3845898222604067,high,2.7003868034848777,0.12458457506483829,196,72283
all_background,T1/S01,adx_7_dmn_7,0.12396230037180178,0.3760376996281982,low,8.19070888725032,20.027487324937923,196,72290
all_background,T1/S01,wma_8_minus_wma_21,0.8697573064590273,0.36975730645902727,high,1.449742063492181,0.03586038961043414,196,72276
all_background,T1/S01,wma_21_slope_4,0.8692454850270859,0.3692454850270859,high,1.2685930735930242,0.029350649350590174,196,72272
all_background,T1/S01,ema_8_slope_4,0.8655273273451318,0.3655273273451318,high,1.4224225436687448,0.034577542015313156,196,72285
all_background,T1/S01,close_minus_sma_21,0.8605028513148578,0.3605028513148578,high,3.138571428571254,0.07999999999992724,196,72276
all_background,T1/S01,wma_8_slope_4,0.8589820551586478,0.3589820551586478,high,1.637083333333294,0.030277777777882875,196,72285
all_background,T1/S01,sma_8_slope_4,0.8544284740250117,0.35442847402501165,high,1.5606250000000728,0.03125,196,72285
all_background,T1/S01,ema_21_slope_4,0.8541232978137017,0.35412329781370167,high,1.1010931325308775,0.02878300491158825,196,72272
all_background,T1/S01,cci_20,0.8528308607502938,0.3528308607502938,high,130.52911494362235,6.360931568681925,196,72277
all_background,T1/S01,sma_8_minus_sma_21,0.8518402317759247,0.3518402317759247,high,1.9442261904763427,0.04925595238103142,196,72276
all_background,T1/S01,hma_32_slope_4,0.8497745999045921,0.34977459990459214,high,1.755829768270928,0.03998284313752265,196,72257
all_background,T1/S01,adx_14_dmn_14,0.15178880234633318,0.3482111976536668,low,11.974642460796911,20.712161517315348,196,72283
all_background,T1/S01,adx_7_dmp_7,0.8467794823005975,0.3467794823005975,high,33.25594262374834,19.551814083731628,196,72290
all_background,T1/S01,close_minus_wma_21,0.8458323662355529,0.3458323662355529,high,2.2056277056277622,0.0571861471861439,196,72276
all_background,T1/S01,cmo_9,0.8418196895425067,0.34181968954250674,high,49.43243739360378,1.4164305949027476,196,72287
all_background,T1/S01,rsi_8,0.8417217977951879,0.34172179779518785,high,68.75942217742278,50.70883517049786,196,72289
all_background,T1/S01,cmo_14,0.8397650938021095,0.3397650938021095,high,40.63487736650988,1.2871854600078225,196,72282
all_background,T1/S01,close_minus_ema_21,0.8371421455847822,0.33714214558478217,high,2.707066061222463,0.07394893043635875,196,72276
all_background,T1/S01,bbands_20_bbp_20_2_0,0.8370074540324314,0.3370074540324314,high,0.8875797394065849,0.519193843112031,196,72277
all_background,T1/S01,roc_10,0.8357977975242333,0.33579779752423333,high,0.2460874406138962,0.0061961817837683595,196,72286
all_background,T1/S01,mom_10,0.8340219716805184,0.3340219716805184,high,3.6299999999999955,0.08999999999991815,196,72286
all_background,T1/S01,hma_16_slope_4,0.8304047578574281,0.33040475785742807,high,1.955793300653454,0.03295710784232142,196,72274
all_background,T1/S01,roc_20,0.829206649453738,0.329206649453738,high,0.3857616244675037,0.010652301292930665,196,72276
all_background,T1/S01,ema_8_minus_ema_21,0.828396969779112,0.32839696977911204,high,1.5656149537219335,0.04516998046369736,196,72276
all_background,T1/S01,mom_20,0.826456350429928,0.32645635042992804,high,5.190000000000055,0.14999999999986358,196,72276
all_background,T1/S01,rsi_14,0.8256384980011953,0.32563849800119526,high,64.14459185419011,50.590171773100735,196,72283
all_background,T1/S01,cci_14,0.8211182830975867,0.3211182830975867,high,111.5555660703445,6.670195870874777,196,72283
all_background,T1/S01,adx_14_dmp_14,0.8191721343573884,0.31917213435738845,high,29.166696689125924,20.12670387562622,196,72283
all_background,T1/S01,aroon_14_aroonosc_14,0.8186442668708556,0.31864426687085556,high,78.57142857142857,7.142857142857153,196,72282
all_background,T1/S01,close_minus_wma_50,0.8177670960421208,0.31776709604212083,high,3.81222352941154,0.12342745098044361,196,72247
all_background,T1/S01,adx_21_dmn_21,0.18393726824948808,0.3160627317505119,low,14.124634803587641,20.936060535401225,196,72276
all_background,T1/S01,cci_34,0.8153219800575392,0.3153219800575392,high,123.21292657659751,8.121546614032354,196,72263
all_background,T1/S01,cmo_21,0.8138848925941875,0.3138848925941875,high,33.09704641350139,1.3071895424824946,196,72275
all_background,T1/S01,rsi_5,0.8125621064006857,0.3125621064006857,high,71.74736515385189,50.88700157896778,196,72292
all_background,T1/S01,ao,0.8107252857829126,0.3107252857829126,high,3.5065000000000737,0.11129411764704855,196,72263
all_background,T1/S01,bbands_34_bbp_34_2_0,0.8038877687991738,0.3038877687991738,high,0.8668626049239447,0.5230892890930012,196,72263
all_background,T1/S01,rsi_21,0.7991210492996801,0.2991210492996801,high,61.56348823036241,50.53512599751771,196,72276
all_background,T1/S01,sma_21_slope_4,0.795088840965875,0.29508884096587495,high,0.9583333333334849,0.027142857142962384,196,72272
all_background,T2/S03,wma_21_minus_wma_50,0.9344196441891185,0.4344196441891185,high,3.9578399796280337,0.058936032594942844,153,72290
all_background,T2/S03,ao,0.929272044428463,0.429272044428463,high,5.909235294117707,0.11204411764708766,153,72306
all_background,T2/S03,wma_50_slope_4,0.9269146305009566,0.42691463050095657,high,1.3708941176466851,0.025447058823488078,153,72286
all_background,T2/S03,roc_34,0.9253614748344997,0.4253614748344997,high,0.8332953526882722,0.01684122732449327,153,72305
all_background,T2/S03,close_minus_sma_50,0.9221850625250331,0.4221850625250331,high,7.908400000000256,0.16499999999996362,153,72290
all_background,T2/S03,ema_50_slope_4,0.9189764369166123,0.41897643691661235,high,1.1133551272855584,0.026087773443236983,153,72286
all_background,T2/S03,mom_34,0.9186224567046005,0.4186224567046005,high,11.980000000000018,0.2300000000000182,153,72305
all_background,T2/S03,sma_21_slope_4,0.9175800860342754,0.41758008603427543,high,1.811428571428678,0.027619047618827608,153,72315
all_background,T2/S03,ema_8_minus_ema_21,0.9158881849452954,0.41588818494529545,high,2.495205552083462,0.045311668939802985,153,72319
all_background,T2/S03,close_minus_wma_50,0.910738926455444,0.41073892645544396,high,5.85261960784328,0.12372549019607959,153,72290
all_background,T2/S03,close_minus_ema_50,0.9095399159340961,0.4095399159340961,high,6.250759349709824,0.16550087913299194,153,72290
all_background,T2/S03,sma_21_minus_sma_50,0.902062182368221,0.402062182368221,high,5.185009523809413,0.09321904761918631,153,72290
all_background,T2/S03,adx_21_dmn_21,0.09973160851337036,0.4002683914866296,low,13.233866177405721,20.93500794784749,153,72319
all_background,T2/S03,ema_21_minus_ema_50,0.8966986637879203,0.3966986637879203,high,3.5860052438758885,0.09889120022512543,153,72290
all_background,T2/S03,rsi_34,0.8943029705451179,0.39430297054511787,high,62.21880053300162,50.53182187983594,153,72306
all_background,T2/S03,rsi_21,0.8908525019912232,0.39085250199122323,high,64.86941135321956,50.53502179664753,153,72319
all_background,T2/S03,ema_21_slope_4,0.8845514743729661,0.3845514743729661,high,1.4501137606152952,0.029146923048074314,153,72315
all_background,T2/S03,bbands_34_bbb_34_2_0,0.8835602285059737,0.3835602285059737,high,1.39993561956857,0.4937967287228118,153,72306
all_background,T2/S03,adx_14_dmn_14,0.11904848399738367,0.38095151600261634,low,11.84723586670523,20.708070984669696,153,72326
all_background,T2/S03,adx_21_dmp_21,0.8734586152293483,0.3734586152293483,high,28.92541770037158,20.31394581186344,153,72319
all_background,T2/S03,sma_50_slope_4,0.8722603152799545,0.3722603152799545,high,1.0209999999999582,0.036800000000084765,153,72286
all_background,T2/S03,rsi_14,0.861229809329183,0.361229809329183,high,64.9774136607258,50.59341732704953,153,72326
all_background,T2/S03,close_minus_ema_21,0.8592374905409558,0.3592374905409558,high,3.270182713931945,0.07478036406291722,153,72319
all_background,T2/S03,aroon_25_aroond_25,0.14704377477959685,0.35295622522040315,low,0.0,43.99999999999999,153,72314
all_background,T2/S03,cmo_21,0.8493144927984191,0.3493144927984191,high,35.76741041243958,1.3175406142321076,153,72318
all_background,T2/S03,adx_14_adx_14,0.8469578283801791,0.3469578283801791,high,41.167089567138284,23.37075617161924,153,72326
all_background,T2/S03,roc_20,0.8442875686851111,0.3442875686851111,high,0.4618403690211722,0.010807973196228346,153,72319
all_background,T2/S03,adx_14_dmp_14,0.844281493072669,0.344281493072669,high,29.167155919069938,20.130298397124207,153,72326
all_background,T2/S03,mom_20,0.8400896192766851,0.34008961927668513,high,6.759999999999991,0.15000000000009095,153,72319
all_background,T2/S03,efi_13,0.8211825577690266,0.3211825577690266,high,392.3136725699131,3.0357961680206587,153,72326
all_background,T2/S03,aroon_25_aroonosc_25,0.8196669896950861,0.3196669896950861,high,76.0,12.0,153,72314
all_background,T2/S03,wma_21_slope_4,0.815069691016834,0.315069691016834,high,1.288051948051816,0.03021645021635777,153,72315
all_background,T2/S03,adx_21_adx_21,0.8044110484710669,0.3044110484710669,high,31.51684466388072,19.605046299455417,153,72319
all_background,T2/S03,adx_7_dmn_7,0.2064127159165548,0.29358728408344525,low,10.641426971760051,20.01587145407691,153,72333
all_background,T2/S03,sma_8_minus_sma_21,0.7848830530889512,0.28488305308895123,high,1.8518452380951658,0.05113095238107235,153,72319
all_background,T2/S03,rsi_8,0.7751549771044844,0.27515497710448444,high,65.15103187212584,50.7328749837674,153,72332
all_background,T2/S03,bbands_34_bbp_34_2_0,0.7747440118783477,0.27474401187834774,high,0.7926330962895177,0.5231749804047183,153,72306
all_background,T2/S03,close_minus_sma_21,0.7703660353045471,0.27036603530454706,high,2.6919047619048797,0.08285714285693757,153,72319
all_background,T2/S03,cci_34,0.7697869566325687,0.2697869566325687,high,91.29140786749275,8.165124106636751,153,72306
all_background,T2/S03,wma_8_minus_wma_21,0.7532848516923973,0.25328485169239734,high,1.3117424242423112,0.03740259740266083,153,72319
all_background,T2/S04,roc_20,0.9586307023705557,0.4586307023705557,high,0.7825762642111267,0.010631834750918898,187,72285
all_background,T2/S04,sma_21_slope_4,0.95440902916995,0.45440902916994996,high,2.3985714285713584,0.026666666666869787,187,72281
all_background,T2/S04,ao,0.952251424801611,0.45225142480161096,high,8.018382352941217,0.11004411764702127,187,72272
all_background,T2/S04,mom_20,0.9512216016592077,0.45122160165920766,high,12.210000000000036,0.14999999999986358,187,72285
all_background,T2/S04,ema_8_minus_ema_21,0.9505088111193846,0.45050881111938457,high,3.350162859877628,0.04486454382322336,187,72285
all_background,T2/S04,wma_21_minus_wma_50,0.9467830956361931,0.4467830956361931,high,4.654946676852887,0.05789055258469489,187,72256
all_background,T2/S04,wma_50_slope_4,0.9446050898504077,0.4446050898504077,high,1.7044235294117698,0.025086274509931172,187,72252
all_background,T2/S04,wma_21_slope_4,0.9433584257872961,0.4433584257872961,high,2.3062337662336176,0.029437229437235146,187,72281
all_background,T2/S04,close_minus_wma_50,0.9427102328974105,0.4427102328974105,high,8.07300392156867,0.12272941176479435,187,72256
all_background,T2/S04,close_minus_sma_50,0.9421859902166035,0.44218599021660354,high,10.22479999999996,0.16309999999987213,187,72256
all_background,T2/S04,ema_50_slope_4,0.9418676047973505,0.44186760479735054,high,1.5052238804560147,0.025898042970425195,187,72252
all_background,T2/S04,roc_34,0.9417900257623619,0.4417900257623619,high,0.8965866074924952,0.01649797487358802,187,72271
all_background,T2/S04,adx_21_dmn_21,0.058571629900804854,0.4414283700991951,low,11.255155044976522,20.93809011725527,187,72285
all_background,T2/S04,ema_21_slope_4,0.941058171143858,0.44105817114385804,high,2.0302468916877388,0.028797308755429185,187,72281
all_background,T2/S04,sma_8_minus_sma_21,0.9401506736369962,0.4401506736369962,high,3.9706547619045978,0.04946428571429351,187,72285
all_background,T2/S04,close_minus_ema_50,0.9364070352353842,0.43640703523538416,high,8.76190729084783,0.16400954847836147,187,72256
all_background,T2/S04,mom_34,0.9337408137834149,0.4337408137834149,high,13.019999999999982,0.2300000000000182,187,72271
all_background,T2/S04,rsi_21,0.9324293802865145,0.43242938028651445,high,66.81209363540539,50.52816642625615,187,72285
all_background,T2/S04,rsi_34,0.9319443762068194,0.43194437620681936,high,64.03810480292283,50.527980730543305,187,72272
all_background,T2/S04,adx_14_dmn_14,0.07000752444557146,0.42999247555442854,low,9.863212805410202,20.712580435917403,187,72292
all_background,T2/S04,cmo_21,0.9259877186747343,0.4259877186747343,high,44.16826003824151,1.3020833333343684,187,72284
all_background,T2/S04,close_minus_ema_21,0.9240908776497072,0.4240908776497072,high,4.736318615254731,0.07392772564048755,187,72285
all_background,T2/S04,close_minus_sma_21,0.9225570278668921,0.4225570278668921,high,5.276666666666642,0.08000000000015461,187,72285
all_background,T2/S04,wma_8_minus_wma_21,0.9181944316521908,0.41819443165219083,high,2.2700072150071264,0.036024531024622775,187,72285
all_background,T2/S04,ema_21_minus_ema_50,0.9176296963144708,0.4176296963144708,high,3.8667496845666847,0.09743610706118488,187,72256
all_background,T2/S04,efi_13,0.9155096191884903,0.4155096191884903,high,879.3257480692561,2.9405647250427585,187,72292
all_background,T2/S04,rsi_14,0.9141741632494006,0.4141741632494006,high,67.78473405202028,50.58690757855533,187,72292
all_background,T2/S04,sma_21_minus_sma_50,0.9054079257115522,0.40540792571155215,high,4.730742857143014,0.09216190476183783,187,72256
all_background,T2/S04,sma_50_slope_4,0.9005959459775514,0.40059594597755144,high,1.2001999999999953,0.036399999999730426,187,72252
all_background,T2/S04,fisher_14,0.8955483865049971,0.39554838650499713,high,2.6977085837497943,0.12508717944608538,187,72292
all_background,T2/S04,hma_32_slope_4,0.8933081599456315,0.3933081599456315,high,2.4671646613192024,0.040075571895499706,187,72266
all_background,T2/S04,adx_21_dmp_21,0.8932935916542474,0.3932935916542474,high,30.8105135044318,20.31026802219136,187,72285
all_background,T2/S04,bbands_20_bbb_20_2_0,0.8857327126457428,0.3857327126457428,high,1.0776911918771759,0.3681606268459477,187,72286
all_background,T2/S04,adx_14_adx_14,0.8802336395089316,0.38023363950893163,high,41.77368392520366,23.365122325911905,187,72292
all_background,T2/S04,bbands_34_bbb_34_2_0,0.879806929614682,0.379806929614682,high,1.3745157364161893,0.4936700051311629,187,72272
all_background,T2/S04,close_minus_wma_21,0.8783162237711022,0.3783162237711022,high,3.0278787878787625,0.05757575757547784,187,72285
all_background,T2/S04,adx_14_dmp_14,0.8765300766262552,0.37653007662625515,high,31.787745085563458,20.126530275669523,187,72292
all_background,T2/S04,adx_7_dmn_7,0.1307813889039079,0.3692186110960921,low,8.15451764517871,20.025455853541544,187,72299
all_background,T2/S04,ema_8_slope_4,0.8611532617332464,0.36115326173324636,high,1.8127156562172786,0.03491018066449669,187,72294
all_background,T2/S04,bbands_34_bbp_34_2_0,0.855366654078058,0.355366654078058,high,0.9003921335950139,0.5230071151123458,187,72272
all_background,T3/S06,rsi_34,0.04286023342322277,0.45713976657677724,low,35.36820343819619,50.55575953632555,42,72417
all_background,T3/S06,rsi_21,0.05101970375337765,0.4489802962466224,low,33.16332127609961,50.573767294380545,42,72430
all_background,T3/S06,adx_21_dmp_21,0.05753075218766232,0.44246924781233765,low,10.520944165807776,20.33404763682647,42,72430
all_background,T3/S06,adx_21_dmn_21,0.9409643465283394,0.4409643465283394,high,32.791468855641796,20.916337901380036,42,72430
all_background,T3/S06,ema_50_slope_4,0.06303865524551464,0.43696134475448534,low,-0.9346516446162241,0.027378958579902246,42,72397
all_background,T3/S06,roc_34,0.06361229036466552,0.43638770963533446,low,-0.7694277340107516,0.01816402848832087,42,72416
all_background,T3/S06,ema_21_minus_ema_50,0.06399017114338726,0.43600982885661277,low,-3.294868594578247,0.10348885324128787,42,72401
all_background,T3/S06,wma_50_slope_4,0.06467645002390916,0.4353235499760908,low,-1.0769098039215805,0.027294117646988525,42,72397
all_background,T3/S06,cmo_21,0.06542729201470865,0.43457270798529135,low,-45.53628898477205,1.4040561622469436,42,72429
all_background,T3/S06,close_minus_ema_50,0.06580348469272654,0.43419651530727343,low,-5.3656904271900885,0.17528058475136277,42,72401
all_background,T3/S06,wma_21_minus_wma_50,0.06621027991589172,0.4337897200841083,low,-3.085884288260786,0.0634604532724552,42,72401
all_background,T3/S06,close_minus_sma_50,0.06687226761535127,0.43312773238464874,low,-6.201500000000237,0.17619999999988067,42,72401
all_background,T3/S06,adx_14_dmp_14,0.07119092649967754,0.4288090735003225,low,10.149784600503704,20.15473743033061,42,72437
all_background,T3/S06,ema_8_minus_ema_21,0.07129412306134658,0.42870587693865336,low,-1.8474307435172932,0.04889452063434874,42,72430
all_background,T3/S06,sma_50_slope_4,0.07285276224942232,0.4271472377505777,low,-1.0092999999999392,0.03839999999968313,42,72397
all_background,T3/S06,rsi_14,0.07333268909535182,0.42666731090464816,low,29.537206100542804,50.62999224872183,42,72437
all_background,T3/S06,adx_14_dmn_14,0.9250337074515327,0.4250337074515327,high,33.89114276299904,20.687003572958286,42,72437
all_background,T3/S06,ao,0.07547359637338508,0.424526403626615,low,-4.416058823529511,0.11864705882339877,42,72417
all_background,T3/S06,mom_34,0.07610640505649896,0.423893594943501,low,-9.745000000000005,0.2599999999999909,42,72416
all_background,T3/S06,close_minus_wma_50,0.07735193081389956,0.42264806918610043,low,-4.405698039215736,0.13068235294099395,42,72401
all_background,T3/S06,sma_21_minus_sma_50,0.07746242652528477,0.4225375734747152,low,-4.1827428571427845,0.09880000000021028,42,72401
all_background,T3/S06,sma_21_slope_4,0.07850854007966095,0.4214914599203391,low,-1.2859523809523807,0.02904761904778752,42,72426
all_background,T3/S06,roc_20,0.07995634537122873,0.42004365462877125,low,-0.46088534282783955,0.011679938769643397,42,72430
all_background,T3/S06,adx_14_adx_14,0.9147788192958479,0.4147788192958479,high,47.407850676695986,23.385617548474332,42,72437
all_background,T3/S06,ema_21_slope_4,0.08815664724454386,0.41184335275545614,low,-1.0990067795338518,0.031107433475881408,42,72426
all_background,T3/S06,mom_20,0.09207970914446131,0.4079202908555387,low,-6.259999999999991,0.16000000000008185,42,72430
all_background,T3/S06,close_minus_ema_21,0.10204203730366924,0.39795796269633077,low,-2.518871141909699,0.07970749368598717,42,72430
all_background,T3/S06,adx_21_adx_21,0.8962163796900784,0.3962163796900784,high,37.99316913864768,19.618078288388055,42,72430
all_background,T3/S06,wma_21_slope_4,0.10528348803968057,0.3947165119603194,low,-1.1957575757573977,0.03227272727269792,42,72426
all_background,T3/S06,aroon_25_aroonosc_25,0.11806811644229663,0.38193188355770336,low,-88.0,12.0,42,72425
all_background,T3/S06,sma_8_minus_sma_21,0.11816614399453002,0.38183385600546993,low,-2.3030952380952385,0.05404761904753741,42,72430
all_background,T3/S06,fisher_14,0.12287689072343322,0.3771231092765668,low,-2.5122917386015895,0.13384320132686484,42,72437
all_background,T3/S06,adx_7_adx_7,0.8730592562793988,0.37305925627939884,high,53.16102763437364,32.041753321616795,42,72444
all_background,T3/S06,adx_7_dmp_7,0.12722372091678036,0.37277627908321964,low,8.261673995482413,19.59112962736279,42,72444
all_background,T3/S06,rsi_8,0.12863528830219884,0.37136471169780116,low,28.063492307074405,50.77726296775298,42,72443
all_background,T3/S06,cmo_14,0.12902046206963652,0.37097953793036353,low,-45.35117558103343,1.4011866235166495,42,72436
all_background,T3/S06,close_minus_sma_21,0.12967610763758766,0.37032389236241237,low,-2.367619047619087,0.08857142857164035,42,72430
all_background,T3/S06,adx_7_dmn_7,0.8637466443702985,0.36374664437029847,high,33.465677404478924,19.988568716137788,42,72444
all_background,T3/S06,wma_8_minus_wma_21,0.14495884367829695,0.3550411563217031,low,-1.1174549062048982,0.0397943722942955,42,72430
all_background,T3/S06,efi_13,0.14517607089773246,0.35482392910226757,low,-371.52724534633546,3.4153782337925946,42,72437
all_background,T4/S08,rsi_34,0.9639494336481814,0.4639494336481814,high,68.49960248986201,50.545750362848295,28,72431
all_background,T4/S08,adx_21_adx_21,0.9630463333254454,0.4630463333254454,high,50.654242837282666,19.62010922637813,28,72444
all_background,T4/S08,ema_21_minus_ema_50,0.9598770972864739,0.45987709728647386,high,7.222116881992633,0.10149397422196671,28,72415
all_background,T4/S08,adx_21_dmp_21,0.9500747375312556,0.4500747375312556,high,35.098539715669375,20.3268527638333,28,72444
all_background,T4/S08,ema_50_slope_4,0.94591833916315,0.44591833916315005,high,2.241267754132309,0.02684707962112043,28,72411
all_background,T4/S08,close_minus_ema_50,0.9455593257119184,0.44555932571191836,high,15.505212167360696,0.17143844628094485,28,72415
all_background,T4/S08,sma_50_slope_4,0.9443245106801059,0.4443245106801059,high,2.3312999999998283,0.03760000000011132,28,72411
all_background,T4/S08,rsi_21,0.9388798835750964,0.43887988357509644,high,70.24187297955373,50.558861634907245,28,72444
all_background,T4/S08,sma_21_minus_sma_50,0.937485327625492,0.43748532762549197,high,6.64220952380947,0.09702857142860921,28,72415
all_background,T4/S08,adx_21_dmn_21,0.06271100041805688,0.4372889995819431,low,9.590584786889913,20.923544385462776,28,72444
all_background,T4/S08,wma_50_slope_4,0.935834285240798,0.43583428524079804,high,2.4245176470586784,0.026572549019419966,28,72411
all_background,T4/S08,close_minus_sma_50,0.9355083792821139,0.43550837928211394,high,17.500099999999975,0.17180000000007567,28,72415
all_background,T4/S08,wma_21_minus_wma_50,0.9310324419763072,0.4310324419763072,high,5.355301247771649,0.062023529411817435,28,72415
all_background,T4/S08,roc_34,0.928921520285596,0.42892152028559605,high,1.0008737153972544,0.017594496331498833,28,72430
all_background,T4/S08,adx_14_dmp_14,0.9274263196603814,0.42742631966038136,high,35.023344564091275,20.145610292214407,28,72451
all_background,T4/S08,mom_34,0.9267319678112858,0.42673196781128575,high,17.75,0.25,28,72430
all_background,T4/S08,bars_since_ema_8_cross_below_ema_21,0.9265422694612788,0.4265422694612788,high,103.5,24.0,28,72391
all_background,T4/S08,bars_since_ema_8_cross_above_ema_21,0.9184984087963082,0.4184984087963082,high,85.0,25.0,28,72407
all_background,T4/S08,close_minus_wma_50,0.918070447125201,0.41807044712520103,high,10.945447058823788,0.12861960784312032,28,72415
all_background,T4/S08,ema_8_minus_ema_21,0.9158724571491674,0.41587245714916743,high,3.627335063288683,0.047700334392629884,28,72444
all_background,T4/S08,adx_14_adx_14,0.915044552278683,0.415044552278683,high,52.20224063602786,23.387632642357147,28,72451
all_background,T4/S08,bars_since_sma_21_cross_below_sma_50,0.9132074037212132,0.41320740372121323,high,136.5,46.0,28,72342
all_background,T4/S08,bars_since_wma_21_cross_below_wma_50,0.9115186592950933,0.41151865929509335,high,128.5,39.0,28,72350
all_background,T4/S08,ao,0.9098713652599419,0.40987136525994194,high,7.1170735294118685,0.11635294117627382,28,72431
all_background,T4/S08,rsi_14,0.907746516364755,0.407746516364755,high,72.44073775164375,50.61997991689939,28,72451
all_background,T4/S08,adx_14_dmn_14,0.09769558539071727,0.4023044146092827,low,9.33354537305154,20.694299929932964,28,72451
all_background,T4/S08,close_minus_ema_21,0.8986798670105777,0.39867986701057767,high,6.827568581611899,0.07816956906265204,28,72444
all_background,T4/S08,ema_21_slope_4,0.8971232349925061,0.3971232349925061,high,2.115282320215215,0.03037849786460356,28,72440
all_background,T4/S08,adx_7_dmp_7,0.8763825743386316,0.37638257433863165,high,36.478274159326624,19.580419251302587,28,72458
all_background,T4/S08,mom_10,0.8762754397864261,0.3762754397864261,high,5.169999999999959,0.09000000000014552,28,72454
all_background,T4/S08,roc_10,0.8741324544834359,0.3741324544834359,high,0.3332427133451538,0.00661367228635,28,72454
all_background,T4/S08,sma_21_slope_4,0.8734869251400175,0.37348692514001747,high,2.0145238095240074,0.02857142857146755,28,72440
all_background,T4/S08,close_minus_sma_21,0.8683133080132832,0.3683133080132832,high,5.429285714285584,0.08595238095233526,28,72444
all_background,T4/S08,bars_since_ema_21_cross_below_ema_50,0.8656825434100924,0.36568254341009243,high,187.5,62.0,28,72391
all_background,T4/S08,close_minus_wma_21,0.8591574674428326,0.3591574674428326,high,4.388290043289771,0.0611904761904043,28,72444
all_background,T4/S08,efi_13,0.8582086020699705,0.3582086020699705,high,1020.4468550447682,3.245424395551275,28,72451
all_background,T4/S08,wma_21_slope_4,0.857374822513213,0.35737482251321295,high,1.5312554112554153,0.031558441558559025,28,72440
all_background,T4/S08,rsi_8,0.8558566262946101,0.3558566262946101,high,75.25146015251859,50.75611284589918,28,72457
all_background,T4/S08,aroon_25_aroond_25,0.15452582764217382,0.3454741723578262,low,0.0,43.99999999999999,28,72439
all_background,T4/S08,bbands_34_bbb_34_2_0,0.844271000775122,0.34427100077512196,high,1.5567564941430596,0.49446344748655136,28,72431
all_background,T5/S09,fisher_14,0.974468514849471,0.47446851484947095,high,4.259351283794863,0.13075783820318287,38,72441
all_background,T5/S09,cmo_14,0.9738831047109768,0.47388310471097683,high,70.09360107384542,1.3619228177229852,38,72440
all_background,T5/S09,fisher_9,0.9728872466897304,0.47288724668973037,high,3.966430052897723,0.1021189090387678,38,72446
all_background,T5/S09,adx_7_adx_7,0.9706479129858657,0.4706479129858657,high,70.74473257898308,32.042088492357756,38,72448
all_background,T5/S09,cmo_21,0.9641258309857312,0.46412583098573124,high,59.309741277054044,1.3712047012731077,38,72433
all_background,T5/S09,adx_14_dmp_14,0.956228262709617,0.456228262709617,high,40.65743127906925,20.144031487050825,38,72441
all_background,T5/S09,rsi_14,0.9548545495099825,0.4548545495099825,high,75.67125650894457,50.615946401467674,38,72441
all_background,T5/S09,chop_14,0.04585210264756313,0.4541478973524369,low,28.562266191133382,50.2751157775679,38,72440
all_background,T5/S09,adx_14_dmn_14,0.046710244779962495,0.45328975522003745,low,6.802318280731812,20.69545007886673,38,72441
all_background,T5/S09,adx_7_dmn_7,0.048969787404686625,0.4510302125953134,low,3.0831461668574125,20.00250185625208,38,72448
all_background,T5/S09,chop_21,0.05300270231582435,0.4469972976841756,low,30.76067762787498,49.98322930853561,38,72433
all_background,T5/S09,wma_21_slope_4,0.9467943640683927,0.4467943640683927,high,2.282943722943628,0.03142857142859157,38,72430
all_background,T5/S09,wma_8_minus_wma_21,0.9457033844240056,0.4457033844240056,high,2.8443668831168907,0.03858044733033239,38,72434
all_background,T5/S09,adx_21_dmp_21,0.9445440713360838,0.44454407133608376,high,35.29053172241463,20.326088306065415,38,72434
all_background,T5/S09,sma_8_minus_sma_21,0.9444690484114031,0.4444690484114031,high,3.4360416666667106,0.052619047619032244,38,72434
all_background,T5/S09,rsi_21,0.9434194540801571,0.44341945408015715,high,71.67071937149814,50.556574603890155,38,72434
all_background,T5/S09,ema_21_slope_4,0.9429169361343439,0.4429169361343439,high,2.0057967738950992,0.030260920716727924,38,72430
all_background,T5/S09,hma_32_slope_4,0.9426111193886118,0.44261111938861175,high,3.280618872548871,0.042831253713529804,38,72415
all_background,T5/S09,adx_7_dmp_7,0.941290377417705,0.44129037741770505,high,46.7109433532613,19.577692469415418,38,72448
all_background,T5/S09,ema_8_minus_ema_21,0.9400986451550086,0.4400986451550086,high,2.612664826235232,0.0475899851022632,38,72434
all_background,T5/S09,roc_20,0.9363671175066086,0.4363671175066086,high,0.7091629305561695,0.011305710016059865,38,72434
all_background,T5/S09,rsi_8,0.9357577553972305,0.4357577553972305,high,81.74286563685499,50.75297022512134,38,72447
all_background,T5/S09,close_minus_sma_21,0.9356557621239227,0.43565576212392265,high,6.536190476190427,0.08523809523808268,38,72434
all_background,T5/S09,ao,0.9348798581975714,0.43487985819757136,high,5.471955882353086,0.11588235294107108,38,72421
all_background,T5/S09,close_minus_wma_50,0.9321077709812131,0.4321077709812131,high,7.47007058823533,0.12766274509817777,38,72405
all_background,T5/S09,sma_8_slope_4,0.9296241618637375,0.42962416186373753,high,2.917500000000018,0.03375000000005457,38,72443
all_background,T5/S09,cci_34,0.9293509660980858,0.42935096609808576,high,187.51237292127098,8.504547329388807,38,72421
all_background,T5/S09,ema_8_slope_4,0.9291257663920163,0.4291257663920163,high,2.9269071157912094,0.03686092129032659,38,72443
all_background,T5/S09,sma_21_slope_4,0.9288149356547519,0.4288149356547519,high,1.5650000000000546,0.028571428571240176,38,72430
all_background,T5/S09,mom_20,0.928482262618747,0.428482262618747,high,9.120000000000005,0.15999999999985448,38,72434
all_background,T5/S09,bbands_34_bbp_34_2_0,0.9284007473842641,0.42840074738426415,high,1.0592806085641948,0.5241174662519928,38,72421
all_background,T5/S09,close_minus_ema_21,0.9276524691079938,0.4276524691079938,high,5.5195793723906945,0.07783566803323083,38,72434
all_background,T5/S09,roc_10,0.92662172451171,0.42662172451171,high,0.5607799691805464,0.006571471918141127,38,72444
all_background,T5/S09,aroon_14_aroonosc_14,0.9216057208869773,0.42160572088697734,high,92.85714285714286,7.142857142857153,38,72440
all_background,T5/S09,mom_10,0.9200237061512486,0.4200237061512486,high,7.449999999999932,0.09000000000014552,38,72444
all_background,T5/S09,close_minus_sma_50,0.92000788692261,0.42000788692261004,high,8.399299999999926,0.1710000000000491,38,72405
all_background,T5/S09,adx_21_dmn_21,0.08008415646621317,0.41991584353378686,low,10.50790341153881,20.924475605729555,38,72434
all_background,T5/S09,close_minus_wma_21,0.9190528074196038,0.4190528074196038,high,4.886839826839832,0.0608441558439381,38,72434
all_background,T5/S09,wma_50_slope_4,0.9178389873940387,0.4178389873940387,high,1.1811254901958819,0.026541176470800565,38,72401
all_background,T5/S09,wma_8_slope_4,0.9140545706715334,0.4140545706715334,high,3.005833333333271,0.03305555555562023,38,72443
all_background,T5/S10,fisher_9,0.8353395881491321,0.3353395881491321,high,2.500769259169733,0.10199164365422883,57,72427
all_background,T5/S10,fisher_14,0.8283673130244904,0.3283673130244904,high,2.840730021109093,0.13055941275077226,57,72422
all_background,T5/S10,wma_8_minus_wma_21,0.814594969783085,0.314594969783085,high,1.4300974025970845,0.038481240981127485,57,72415
all_background,T5/S10,sma_8_minus_sma_21,0.8113409429809418,0.31134094298094184,high,2.0158333333333758,0.0524404761902133,57,72415
all_background,T5/S10,sma_8_slope_4,0.8093158999343051,0.3093158999343051,high,1.7187499999997726,0.03375000000005457,57,72424
all_background,T5/S10,hma_32_slope_4,0.8050146707727383,0.30501467077273825,high,1.6487945632798073,0.042816733511813254,57,72396
all_background,T5/S10,adx_7_adx_7,0.8044638027852079,0.3044638027852079,high,49.57079886807881,32.040407144918206,57,72429
all_background,T5/S10,wma_21_slope_4,0.8018573072279656,0.30185730722796555,high,1.2492207792208774,0.03134199134183291,57,72411
all_background,T5/S10,ema_21_slope_4,0.797726283226814,0.29772628322681405,high,0.9996970088261605,0.03018441390645421,57,72411
all_background,T5/S10,adx_7_dmn_7,0.20252428694234864,0.2974757130576513,low,8.542378386758257,20.002702160430804,57,72429
all_background,T5/S10,roc_10,0.7940666993683725,0.2940666993683725,high,0.24795046723614317,0.006559441660319907,57,72425
all_background,T5/S10,mom_10,0.7911113129734935,0.29111131297349346,high,3.7000000000000455,0.09000000000014552,57,72425
all_background,T5/S10,adx_14_dmn_14,0.20927148724314162,0.2907285127568584,low,11.906825167696711,20.69566042057648,57,72422
all_background,T5/S10,cmo_14,0.7884741679802576,0.2884741679802576,high,39.89455184534519,1.3574660633506819,57,72421
all_background,T5/S10,ema_8_minus_ema_21,0.7873785478679782,0.28737854786797823,high,1.5351820289949956,0.047559977149830956,57,72415
all_background,T5/S10,ema_8_slope_4,0.7859282858643348,0.28592828586433483,high,1.3945412601065073,0.03679242200234967,57,72424
all_background,T5/S10,close_minus_sma_21,0.7851038907079202,0.2851038907079202,high,3.0123809523809086,0.08523809523808268,57,72415
all_background,T5/S10,wma_8_slope_4,0.7775610149586937,0.2775610149586937,high,1.4333333333329392,0.032916666666892525,57,72424
all_background,T5/S10,chop_14,0.22349798219330103,0.27650201780669903,low,40.22032411861906,50.27821585226877,57,72421
all_background,T5/S10,adx_21_dmn_21,0.2237318768162552,0.27626812318374483,low,14.518707410249492,20.92453570280004,57,72415
all_background,T5/S10,close_minus_ema_21,0.7747917401042481,0.2747917401042481,high,2.615958672775605,0.07779109082798641,57,72415
all_background,T5/S10,ao,0.7744273323844403,0.2744273323844403,high,3.48652941176465,0.11607352941177851,57,72402
all_background,T5/S10,close_minus_wma_50,0.7716704936158537,0.2716704936158537,high,3.698760784313663,0.12759215686276093,57,72386
all_background,T5/S10,close_minus_wma_21,0.7716061540996038,0.27160615409960376,high,1.832813852813615,0.06073593073574557,57,72415
all_background,T5/S10,ema_50_slope_4,0.7714317362027101,0.2714317362027101,high,0.6239958354024111,0.026816755276513504,57,72382
all_background,T5/S10,hma_16_slope_4,0.7699843563031838,0.26998435630318385,high,2.1110588235296746,0.03571486928126433,57,72413
all_background,T5/S10,cmo_9,0.7666086037727073,0.26660860377270734,high,43.17343173431945,1.5161964472303207,57,72426
all_background,T5/S10,aroon_14_aroonosc_14,0.7661862399609302,0.26618623996093016,high,71.42857142857143,7.142857142857153,57,72421
all_background,T5/S10,wma_50_slope_4,0.7655505366992956,0.2655505366992956,high,0.6556549019608156,0.026552941176419154,57,72382
all_background,T5/S10,rsi_14,0.7646234763401835,0.26462347634018346,high,63.421538183808124,50.61485964266819,57,72422
all_background,T5/S10,close_minus_ema_50,0.7611765578397685,0.26117655783976845,high,3.528350478303082,0.1713043434759811,57,72386
all_background,T5/S10,rsi_21,0.7588747121549644,0.2588747121549644,high,60.74218823810182,50.558133964318294,57,72415
all_background,T5/S10,close_minus_sma_50,0.7569659442724458,0.2569659442724458,high,4.187400000000025,0.17129999999986012,57,72386
all_background,T5/S10,roc_20,0.7565065394273505,0.25650653942735047,high,0.4103218747150479,0.011315530232439147,57,72415
all_background,T5/S10,rsi_8,0.7555450107014928,0.2555450107014928,high,66.47511189912463,50.752474537311436,57,72428
all_background,T5/S10,mom_20,0.7546474935526346,0.2546474935526346,high,5.849999999999909,0.15999999999985448,57,72415
all_background,T5/S10,adx_14_dmp_14,0.751406352726975,0.251406352726975,high,27.811712568795063,20.143285517922067,57,72422
all_background,T5/S10,rsi_34,0.7503904854814032,0.2503904854814032,high,58.233166475646186,50.54471505733836,57,72402
all_background,T5/S10,sma_21_slope_4,0.7497752231596101,0.2497752231596101,high,1.0266666666666424,0.02857142857146755,57,72411
all_background,T5/S10,adx_21_dmp_21,0.7482841952634123,0.24828419526341228,high,26.864782047340775,20.32629163593548,57,72415
all_background,T6/S12,adx_7_dmp_7,0.04757795805801826,0.45242204194198177,low,4.658604264680337,19.598574855359615,92,72394
all_background,T6/S12,cci_34,0.06121469610517886,0.4387853038948212,low,-205.1434892233737,8.929965785075792,92,72367
all_background,T6/S12,adx_7_dmn_7,0.9377473631612516,0.4377473631612516,high,41.86865452585641,19.980607368713745,92,72394
all_background,T6/S12,cci_20,0.06284828531148277,0.4371517146885172,low,-184.48200554860503,7.041142692228681,92,72381
all_background,T6/S12,cmo_9,0.06464066215293397,0.43535933784706604,low,-63.44930528032522,1.612903225805032,92,72391
all_background,T6/S12,rsi_8,0.06759398728798544,0.4324060127120146,low,24.458339205240385,50.78701661792902,92,72393
all_background,T6/S12,bbands_34_bbp_34_2_0,0.06919365120181489,0.43080634879818513,low,-0.04383439380749917,0.5253515874221091,92,72367
all_background,T6/S12,rsi_14,0.0694954985311439,0.4305045014688561,low,31.177614916139404,50.641661658869914,92,72387
all_background,T6/S12,adx_14_dmp_14,0.07004245297468137,0.42995754702531863,low,9.709226741289157,20.16185628142315,92,72387
all_background,T6/S12,fisher_9,0.0712117781450749,0.42878822185492504,low,-2.801409703318157,0.10646832082935885,92,72392
all_background,T6/S12,adx_14_dmn_14,0.9284406400140309,0.4284406400140309,high,35.58214307091839,20.679081315600914,92,72387
all_background,T6/S12,cmo_14,0.07473663235384213,0.4252633676461579,low,-52.44374206844766,1.4236824359885503,92,72386
all_background,T6/S12,cmo_21,0.07542393091438364,0.4245760690856164,low,-40.990270270269434,1.4274981217133649,92,72379
all_background,T6/S12,bbands_20_bbp_20_2_0,0.07891408566865074,0.42108591433134923,low,0.006242248179724769,0.5212697290965117,92,72381
all_background,T6/S12,fisher_14,0.08038571062183278,0.41961428937816725,low,-2.8657944629200514,0.13611725680312403,92,72387
all_background,T6/S12,cci_14,0.09209751811068646,0.40790248188931355,low,-152.87206780999134,7.4186436907170785,92,72387
all_background,T6/S12,ema_8_slope_4,0.09591296299521847,0.40408703700478155,low,-1.576868506380265,0.038418073106640804,92,72389
all_background,T6/S12,rsi_21,0.0964609338395185,0.4035390661604815,low,36.36245159994198,50.58004810362847,92,72380
all_background,T6/S12,wma_8_slope_4,0.10032826870765255,0.39967173129234745,low,-1.7697222222224127,0.03499999999985448,92,72389
all_background,T6/S12,adx_21_dmn_21,0.8991587274889773,0.3991587274889773,high,31.222138581913512,20.91072945075787,92,72380
all_background,T6/S12,rsi_5,0.10090238891411249,0.3990976110858875,low,20.651958355393568,50.981889453926016,92,72396
all_background,T6/S12,aroon_25_aroond_25,0.8987694675978074,0.3987694675978074,high,100.0,43.99999999999999,92,72375
all_background,T6/S12,close_minus_sma_21,0.10436562165863737,0.3956343783413626,low,-2.9914285714285143,0.09047619047601074,92,72380
all_background,T6/S12,close_minus_wma_21,0.10640445354830184,0.39359554645169814,low,-2.303593073593106,0.06363636363630576,92,72380
all_background,T6/S12,close_minus_ema_21,0.1070443432608095,0.39295565673919053,low,-2.531611702992109,0.08088591167859249,92,72380
all_background,T6/S12,ema_21_slope_4,0.1073569307144814,0.3926430692855186,low,-0.9324425466101047,0.03153603195505639,92,72376
all_background,T6/S12,roc_10,0.10982375057808849,0.39017624942191154,low,-0.2614163611418514,0.006868574581182842,92,72390
all_background,T6/S12,wma_21_slope_4,0.11006020492019936,0.3899397950798007,low,-1.0285281385283724,0.03294372294351433,92,72376
all_background,T6/S12,wma_8_minus_wma_21,0.11147438939413964,0.3885256106058603,low,-1.3058567821069573,0.040508658008775456,92,72380
all_background,T6/S12,sma_8_slope_4,0.11313648422442274,0.3868635157755773,low,-1.5049999999998818,0.036249999999881766,92,72389
all_background,T6/S12,adx_21_dmp_21,0.1136419200595889,0.38635807994041116,low,12.643214928293112,20.339674357099675,92,72380
all_background,T6/S12,mom_10,0.11477459053316276,0.38522540946683725,low,-3.689999999999941,0.09999999999990905,92,72390
all_background,T6/S12,close_minus_wma_50,0.12009343941041047,0.3799065605895895,low,-3.3433921568627056,0.1326196078432531,92,72351
all_background,T6/S12,aroon_14_aroonosc_14,0.12032097847409841,0.3796790215259016,low,-78.57142857142857,14.285714285714278,92,72386
all_background,T6/S12,aroon_14_aroond_14,0.8790144082629477,0.37901440826294774,high,100.0,42.85714285714286,92,72386
all_background,T6/S12,aroon_25_aroonosc_25,0.12188465870691595,0.378115341293084,low,-80.0,12.0,92,72375
all_background,T6/S12,hma_16_slope_4,0.12314185069448198,0.376858149305518,low,-2.182377859477242,0.03840318627476336,92,72378
all_background,T6/S12,roc_20,0.1257885615771832,0.3742114384228168,low,-0.3443044672886948,0.011930947677372928,92,72380
all_background,T6/S12,ema_8_minus_ema_21,0.126579225584776,0.37342077441522403,low,-1.1561232022456807,0.04956754499210092,92,72380
all_background,T6/S12,close_minus_ema_8,0.1302712729251387,0.36972872707486126,low,-1.4219868608753359,0.037234087662227466,92,72393
matched_hour_weekday,T1/S01,cci_20,0.9146050378193236,0.41460503781932356,high,130.52911494362235,-7.608206225875206,196,5720
matched_hour_weekday,T1/S01,fisher_14,0.9102076494933637,0.41020764949336375,high,2.7003868034848777,-0.06362082310805076,196,5720
matched_hour_weekday,T1/S01,fisher_9,0.9098731625517339,0.4098731625517339,high,2.5787696090622885,-0.06978837061152998,196,5720
matched_hour_weekday,T1/S01,ema_8_slope_4,0.9044981803910375,0.40449818039103747,high,1.4224225436687448,-0.046709667108530084,196,5720
matched_hour_weekday,T1/S01,adx_7_dmn_7,0.09618238903953188,0.4038176109604681,low,8.19070888725032,19.98122227616942,196,5720
matched_hour_weekday,T1/S01,adx_7_dmp_7,0.9034519052376195,0.40345190523761953,high,33.25594262374834,18.27750962975975,196,5720
matched_hour_weekday,T1/S01,bbands_20_bbp_20_2_0,0.9017910660767803,0.4017910660767803,high,0.8875797394065849,0.47718028246550753,196,5720
matched_hour_weekday,T1/S01,close_minus_sma_21,0.9015765484515484,0.40157654845154844,high,3.138571428571254,-0.0909523809524444,196,5720
matched_hour_weekday,T1/S01,wma_8_minus_wma_21,0.899847027972028,0.399847027972028,high,1.449742063492181,-0.03647727272721113,196,5720
matched_hour_weekday,T1/S01,wma_21_slope_4,0.8985875731411446,0.39858757314114457,high,1.2685930735930242,-0.026991341991333684,196,5720
matched_hour_weekday,T1/S01,rsi_8,0.89671355430284,0.39671355430284005,high,68.75942217742278,49.10982224169592,196,5720
matched_hour_weekday,T1/S01,wma_8_slope_4,0.8966716319394892,0.3966716319394892,high,1.637083333333294,-0.04263888888885958,196,5720
matched_hour_weekday,T1/S01,close_minus_wma_21,0.892996289424861,0.392996289424861,high,2.2056277056277622,-0.08779220779217667,196,5720
matched_hour_weekday,T1/S01,cci_34,0.8880904809476238,0.3880904809476238,high,123.21292657659751,-3.7286776026641677,196,5720
matched_hour_weekday,T1/S01,sma_8_slope_4,0.8837720315398887,0.3837720315398887,high,1.5606250000000728,-0.044999999999845386,196,5720
matched_hour_weekday,T1/S01,bbands_34_bbp_34_2_0,0.8809672470386755,0.38096724703867546,high,0.8668626049239447,0.48520433625197734,196,5720
matched_hour_weekday,T1/S01,ema_21_slope_4,0.8795383188240331,0.3795383188240331,high,1.1010931325308775,-0.018056281413691977,196,5720
matched_hour_weekday,T1/S01,cci_14,0.8764128728414443,0.3764128728414443,high,111.5555660703445,-10.411452457638813,196,5720
matched_hour_weekday,T1/S01,sma_8_minus_sma_21,0.8748706650492364,0.3748706650492364,high,1.9442261904763427,-0.042232142857073995,196,5720
matched_hour_weekday,T1/S01,cmo_14,0.8742021371485658,0.37420213714856576,high,40.63487736650988,-1.101461875974131,196,5720
matched_hour_weekday,T1/S01,close_minus_ema_21,0.8734337091479949,0.3734337091479949,high,2.707066061222463,-0.059875165459743585,196,5720
matched_hour_weekday,T1/S01,cmo_9,0.8730791529898672,0.37307915298986716,high,49.43243739360378,-2.715018428310512,196,5720
matched_hour_weekday,T1/S01,roc_10,0.8724828742685885,0.3724828742685885,high,0.2460874406138962,-0.008484900126221336,196,5720
matched_hour_weekday,T1/S01,adx_14_dmp_14,0.8700335378906808,0.37003353789068083,high,29.166696689125924,19.193001956567873,196,5720
matched_hour_weekday,T1/S01,mom_10,0.8691794812330527,0.36917948123305266,high,3.6299999999999955,-0.1150000000000091,196,5720
matched_hour_weekday,T1/S01,rsi_14,0.8687089696018268,0.36870896960182675,high,64.14459185419011,49.56248834411057,196,5720
matched_hour_weekday,T1/S01,hma_32_slope_4,0.8668804409875839,0.3668804409875839,high,1.755829768270928,-0.05777547534137284,196,5720
matched_hour_weekday,T1/S01,adx_14_dmn_14,0.13450745682888543,0.36549254317111457,low,11.974642460796911,20.660780384297645,196,5720
matched_hour_weekday,T1/S01,rsi_5,0.8611468888254603,0.3611468888254603,high,71.74736515385189,48.75520960610557,196,5720
matched_hour_weekday,T1/S01,hma_16_slope_4,0.8608980305408876,0.36089803054088765,high,1.955793300653454,-0.07271527777754727,196,5720
matched_hour_weekday,T1/S01,aroon_14_aroonu_14,0.8566634258598543,0.35666342585985433,high,92.85714285714286,35.71428571428571,196,5720
matched_hour_weekday,T1/S01,aroon_14_aroonosc_14,0.8533256921649779,0.3533256921649779,high,78.57142857142857,-14.285714285714278,196,5720
matched_hour_weekday,T1/S01,roc_20,0.848193770515199,0.34819377051519895,high,0.3857616244675037,-0.0019252597177967462,196,5720
matched_hour_weekday,T1/S01,mom_20,0.8449541529898673,0.3449541529898673,high,5.190000000000055,-0.029999999999972715,196,5720
matched_hour_weekday,T1/S01,ema_8_minus_ema_21,0.8436661552732981,0.34366615527329814,high,1.5656149537219335,-0.02187783072588445,196,5720
matched_hour_weekday,T1/S01,cci_10,0.8422702297702298,0.3422702297702298,high,98.38926153634955,-11.042747620558497,196,5720
matched_hour_weekday,T1/S01,cmo_21,0.8402378871128872,0.34023788711288716,high,33.09704641350139,-0.43793717020503875,196,5720
matched_hour_weekday,T1/S01,close_minus_ema_8,0.8401214856571999,0.3401214856571999,high,1.0783979188553303,-0.0423716316925038,196,5720
matched_hour_weekday,T1/S01,efi_13,0.8371111031825319,0.3371111031825319,high,314.144127298706,-10.96094596198819,196,5720
matched_hour_weekday,T1/S01,close_minus_wma_50,0.8370861281575568,0.3370861281575568,high,3.81222352941154,-0.08008627450965378,196,5720
matched_hour_weekday,T2/S03,ao,0.9390127692014484,0.4390127692014484,high,5.909235294117707,-0.041294117647112216,153,2915
matched_hour_weekday,T2/S03,ema_8_minus_ema_21,0.9308916019237883,0.4308916019237883,high,2.495205552083462,-0.03728423924849267,153,2915
matched_hour_weekday,T2/S03,wma_50_slope_4,0.9293826163970448,0.4293826163970448,high,1.3708941176466851,-0.0044862745094178536,153,2915
matched_hour_weekday,T2/S03,wma_21_minus_wma_50,0.9289924774941423,0.42899247749414227,high,3.9578399796280337,-0.06622663610892232,153,2915
matched_hour_weekday,T2/S03,close_minus_sma_50,0.9281494187154565,0.42814941871545653,high,7.908400000000256,-0.13019999999983156,153,2915
matched_hour_weekday,T2/S03,close_minus_wma_50,0.9263915514747924,0.42639155147479235,high,5.85261960784328,-0.11709019607837945,153,2915
matched_hour_weekday,T2/S03,ema_50_slope_4,0.9248915346584602,0.4248915346584602,high,1.1133551272855584,-0.007230057942251733,153,2915
matched_hour_weekday,T2/S03,sma_21_slope_4,0.9229475666767565,0.4229475666767565,high,1.811428571428678,-0.013809523809413804,153,2915
matched_hour_weekday,T2/S03,rsi_21,0.922355631789594,0.422355631789594,high,64.86941135321956,49.56669554855629,153,2915
matched_hour_weekday,T2/S03,roc_34,0.9183443760580275,0.41834437605802755,high,0.8332953526882722,-0.016665530380506426,153,2915
matched_hour_weekday,T2/S03,close_minus_ema_50,0.918032713371226,0.41803271337122605,high,6.250759349709824,-0.10506199684095918,153,2915
matched_hour_weekday,T2/S03,adx_21_dmn_21,0.08197401316158254,0.4180259868384175,low,13.233866177405721,21.050431210018743,153,2915
matched_hour_weekday,T2/S03,adx_21_dmp_21,0.9161403154743887,0.4161403154743887,high,28.92541770037158,19.40701690203104,153,2915
matched_hour_weekday,T2/S03,rsi_34,0.9135057567909955,0.41350575679099555,high,62.21880053300162,49.84706307758468,153,2915
matched_hour_weekday,T2/S03,mom_34,0.9115864527629234,0.4115864527629234,high,11.980000000000018,-0.22000000000002728,153,2915
matched_hour_weekday,T2/S03,ema_21_slope_4,0.9082590612002377,0.4082590612002377,high,1.4501137606152952,-0.015294172356789204,153,2915
matched_hour_weekday,T2/S03,rsi_14,0.9063016401529166,0.4063016401529166,high,64.9774136607258,49.518645552980324,153,2915
matched_hour_weekday,T2/S03,adx_14_dmn_14,0.09392930414018094,0.40607069585981903,low,11.84723586670523,20.803957668677665,153,2915
matched_hour_weekday,T2/S03,adx_14_dmp_14,0.8984405654771914,0.3984405654771914,high,29.167155919069938,19.090661107133446,153,2915
matched_hour_weekday,T2/S03,ema_21_minus_ema_50,0.8901512348793148,0.3901512348793148,high,3.5860052438758885,-0.021679957109199677,153,2915
matched_hour_weekday,T2/S03,close_minus_ema_21,0.8882655635152861,0.38826556351528607,high,3.270182713931945,-0.052143006204232734,153,2915
matched_hour_weekday,T2/S03,sma_21_minus_sma_50,0.8846960167714883,0.38469601677148835,high,5.185009523809413,-0.0792285714285299,153,2915
matched_hour_weekday,T2/S03,cmo_21,0.876162288814897,0.376162288814897,high,35.76741041243958,-0.52356020942361,153,2915
matched_hour_weekday,T2/S03,sma_50_slope_4,0.8681386562629625,0.3681386562629625,high,1.0209999999999582,0.0262000000000171,153,2915
matched_hour_weekday,T2/S03,aroon_25_aroonosc_25,0.8571968295608696,0.3571968295608696,high,76.0,-11.999999999999996,153,2915
matched_hour_weekday,T2/S03,bbands_34_bbp_34_2_0,0.8566105001177144,0.35661050011771445,high,0.7926330962895177,0.4812930102141347,153,2915
matched_hour_weekday,T2/S03,roc_20,0.8564894225271584,0.35648942252715843,high,0.4618403690211722,0.0020330299600829957,153,2915
matched_hour_weekday,T2/S03,efi_13,0.8549423199811657,0.35494231998116565,high,392.3136725699131,-14.817939715064103,153,2915
matched_hour_weekday,T2/S03,mom_20,0.8518413883563717,0.3518413883563717,high,6.759999999999991,0.029999999999972715,153,2915
matched_hour_weekday,T2/S03,cci_34,0.850132849022971,0.35013284902297104,high,91.29140786749275,-4.387605666474353,153,2915
matched_hour_weekday,T2/S03,adx_14_adx_14,0.8469893160237223,0.3469893160237223,high,41.167089567138284,22.83125095607827,153,2915
matched_hour_weekday,T2/S03,wma_21_slope_4,0.8384555880671307,0.3384555880671307,high,1.288051948051816,-0.01796536796541659,153,2915
matched_hour_weekday,T2/S03,aroon_25_aroonu_25,0.8226246931019405,0.32262469310194053,high,84.0,24.0,153,2915
matched_hour_weekday,T2/S03,aroon_25_aroond_25,0.17932488032377045,0.3206751196762295,low,0.0,24.0,153,2915
matched_hour_weekday,T2/S03,rsi_8,0.8203589726342224,0.3203589726342224,high,65.15103187212584,49.537387737840014,153,2915
matched_hour_weekday,T2/S03,adx_7_dmn_7,0.18403345328983506,0.3159665467101649,low,10.641426971760051,20.03877509540257,153,2915
matched_hour_weekday,T2/S03,bbands_34_bbb_34_2_0,0.810944068879696,0.31094406887969595,high,1.39993561956857,0.6705864423928546,153,2915
matched_hour_weekday,T2/S03,sma_8_minus_sma_21,0.8048778573750827,0.30487785737508266,high,1.8518452380951658,-0.026190476190322443,153,2915
matched_hour_weekday,T2/S03,adx_7_adx_7,0.7974708236639424,0.2974708236639424,high,46.14301169849883,29.314260558410485,153,2915
matched_hour_weekday,T2/S03,close_minus_sma_21,0.796580679155596,0.29658067915559605,high,2.6919047619048797,-0.051428571428687064,153,2915
matched_hour_weekday,T2/S04,adx_21_dmn_21,0.04429253072316856,0.4557074692768315,low,11.255155044976522,21.1751802056278,187,2989
matched_hour_weekday,T2/S04,adx_14_dmn_14,0.05140595731586227,0.4485940426841377,low,9.863212805410202,20.876822648406854,187,2989
matched_hour_weekday,T2/S04,cmo_21,0.9456975040388734,0.4456975040388734,high,44.16826003824151,-0.8547008547028954,187,2989
matched_hour_weekday,T2/S04,rsi_21,0.9446222602304708,0.4446222602304708,high,66.81209363540539,49.630710106597384,187,2989
matched_hour_weekday,T2/S04,roc_34,0.9414144197172163,0.4414144197172163,high,0.8965866074924952,-0.0031056623989660953,187,2989
matched_hour_weekday,T2/S04,rsi_34,0.9404581504733039,0.44045815047330394,high,64.03810480292283,49.84398060305549,187,2989
matched_hour_weekday,T2/S04,roc_20,0.9401173286005908,0.44011732860059083,high,0.7825762642111267,-0.009008603216063156,187,2989
matched_hour_weekday,T2/S04,sma_21_slope_4,0.9375768191032001,0.4375768191032001,high,2.3985714285713584,-0.028571428571694923,187,2989
matched_hour_weekday,T2/S04,wma_50_slope_4,0.936524833480337,0.436524833480337,high,1.7044235294117698,-0.00368627450961867,187,2989
matched_hour_weekday,T2/S04,close_minus_sma_50,0.9360659315887307,0.43606593158873075,high,10.22479999999996,-0.07839999999987413,187,2989
matched_hour_weekday,T2/S04,ema_8_minus_ema_21,0.9357680479047058,0.4357680479047058,high,3.350162859877628,-0.02558398391101946,187,2989
matched_hour_weekday,T2/S04,ao,0.9355998733323433,0.4355998733323433,high,8.018382352941217,-0.05326470588238408,187,2989
matched_hour_weekday,T2/S04,close_minus_wma_50,0.9340719894515183,0.43407198945151826,high,8.07300392156867,-0.14520784313731383,187,2989
matched_hour_weekday,T2/S04,ema_50_slope_4,0.9338608766904676,0.4338608766904676,high,1.5052238804560147,-0.007870131288882476,187,2989
matched_hour_weekday,T2/S04,wma_21_minus_wma_50,0.9336730221149563,0.4336730221149563,high,4.654946676852887,-0.017854443595751945,187,2989
matched_hour_weekday,T2/S04,rsi_14,0.9332803165975779,0.43328031659757793,high,67.78473405202028,49.374504537665025,187,2989
matched_hour_weekday,T2/S04,mom_34,0.9330647311085389,0.43306473110853894,high,13.019999999999982,-0.03999999999996362,187,2989
matched_hour_weekday,T2/S04,mom_20,0.9324251310062028,0.43242513100620283,high,12.210000000000036,-0.12999999999988177,187,2989
matched_hour_weekday,T2/S04,close_minus_ema_50,0.9313811962937187,0.43138119629371874,high,8.76190729084783,-0.11347213253361588,187,2989
matched_hour_weekday,T2/S04,ema_21_slope_4,0.9279693993841949,0.42796939938419487,high,2.0302468916877388,-0.03195453325042763,187,2989
matched_hour_weekday,T2/S04,wma_21_slope_4,0.925347486237416,0.42534748623741603,high,2.3062337662336176,-0.016450216450266453,187,2989
matched_hour_weekday,T2/S04,adx_21_dmp_21,0.9240656023959509,0.4240656023959509,high,30.8105135044318,19.604173005720185,187,2989
matched_hour_weekday,T2/S04,close_minus_ema_21,0.9173654558693821,0.4173654558693821,high,4.736318615254731,-0.08766004242033887,187,2989
matched_hour_weekday,T2/S04,ema_21_minus_ema_50,0.9167249612214483,0.4167249612214483,high,3.8667496845666847,0.08226062085191188,187,2989
matched_hour_weekday,T2/S04,adx_14_dmp_14,0.9152847428091953,0.41528474280919525,high,31.787745085563458,19.04551446643278,187,2989
matched_hour_weekday,T2/S04,sma_8_minus_sma_21,0.913046589723818,0.413046589723818,high,3.9706547619045978,0.035476190476401825,187,2989
matched_hour_weekday,T2/S04,close_minus_sma_21,0.9109274112029313,0.4109274112029313,high,5.276666666666642,-0.05190476190477966,187,2989
matched_hour_weekday,T2/S04,sma_50_slope_4,0.9056809012725805,0.4056809012725805,high,1.2001999999999953,0.027600000000120417,187,2989
matched_hour_weekday,T2/S04,sma_21_minus_sma_50,0.90461639201135,0.40461639201135,high,4.730742857143014,0.09965714285704053,187,2989
matched_hour_weekday,T2/S04,fisher_14,0.9001007258342979,0.4001007258342979,high,2.6977085837497943,0.06830559580284859,187,2989
matched_hour_weekday,T2/S04,aroon_25_aroonosc_25,0.8988501510887514,0.39885015108875144,high,72.0,-4.000000000000007,187,2989
matched_hour_weekday,T2/S04,wma_8_minus_wma_21,0.8984386601138219,0.3984386601138219,high,2.2700072150071264,-0.007323232323187767,187,2989
matched_hour_weekday,T2/S04,adx_7_dmn_7,0.1068212680004938,0.39317873199950615,low,8.15451764517871,19.97359756654419,187,2989
matched_hour_weekday,T2/S04,efi_13,0.8911570589487658,0.39115705894876585,high,879.3257480692561,-17.61077105375243,187,2989
matched_hour_weekday,T2/S04,rsi_8,0.8833449922442896,0.38334499224428964,high,68.00662320792202,49.37739411562385,187,2989
matched_hour_weekday,T2/S04,cmo_14,0.8780627004900321,0.3780627004900321,high,43.28358208955084,-0.43923865300108395,187,2989
matched_hour_weekday,T2/S04,bbands_34_bbp_34_2_0,0.8734969397595104,0.37349693975951037,high,0.9003921335950139,0.47482697762481596,187,2989
matched_hour_weekday,T2/S04,close_minus_wma_21,0.8718590267701715,0.37185902677017146,high,3.0278787878787625,-0.08121212121227472,187,2989
matched_hour_weekday,T2/S04,hma_32_slope_4,0.8686628153496868,0.3686628153496868,high,2.4671646613192024,0.02823997326186145,187,2989
matched_hour_weekday,T2/S04,adx_14_adx_14,0.868120720717497,0.368120720717497,high,41.77368392520366,23.781712225032916,187,2989
matched_hour_weekday,T3/S06,rsi_21,0.03794589824525678,0.46205410175474326,low,33.16332127609961,50.10137082080138,42,2806
matched_hour_weekday,T3/S06,rsi_34,0.03881987577639752,0.46118012422360244,low,35.36820343819619,50.46997840489385,42,2806
matched_hour_weekday,T3/S06,adx_21_dmn_21,0.9587788073176526,0.45877880731765264,high,32.791468855641796,20.50636523249952,42,2806
matched_hour_weekday,T3/S06,adx_14_dmn_14,0.953848895224519,0.453848895224519,high,33.89114276299904,20.227446078568963,42,2806
matched_hour_weekday,T3/S06,rsi_14,0.05005430539999322,0.4499456946000068,low,29.537206100542804,49.899314891290025,42,2806
matched_hour_weekday,T3/S06,adx_21_dmp_21,0.050504021993687,0.449495978006313,low,10.520944165807776,19.707046170504015,42,2806
matched_hour_weekday,T3/S06,adx_14_dmp_14,0.05759766486780029,0.44240233513219973,low,10.149784600503704,19.492470542164348,42,2806
matched_hour_weekday,T3/S06,cmo_21,0.06133964633608255,0.4386603536639174,low,-45.53628898477205,0.6586811915552475,42,2806
matched_hour_weekday,T3/S06,ema_8_minus_ema_21,0.06881512405389811,0.4311848759461019,low,-1.8474307435172932,0.019205002769012935,42,2806
matched_hour_weekday,T3/S06,roc_20,0.07065641652241794,0.42934358347758206,low,-0.46088534282783955,0.005932452016161631,42,2806
matched_hour_weekday,T3/S06,close_minus_ema_50,0.07181889149102265,0.4281811085089774,low,-5.3656904271900885,0.09198179686688945,42,2806
matched_hour_weekday,T3/S06,close_minus_wma_50,0.07293894036588264,0.42706105963411733,low,-4.405698039215736,0.005694117647067287,42,2806
matched_hour_weekday,T3/S06,ema_50_slope_4,0.07478023283440248,0.4252197671655975,low,-0.9346516446162241,0.015674321930077895,42,2806
matched_hour_weekday,T3/S06,bbands_34_bbp_34_2_0,0.07483114414689611,0.42516885585310393,low,0.10388811033455579,0.49988205239707734,42,2806
matched_hour_weekday,T3/S06,ema_21_slope_4,0.07759732545905035,0.4224026745409497,low,-1.0990067795338518,-0.001275460710076004,42,2806
matched_hour_weekday,T3/S06,ao,0.07874282999015715,0.42125717000984286,low,-4.416058823529511,0.08036764705866517,42,2806
matched_hour_weekday,T3/S06,close_minus_ema_21,0.07960832230254895,0.420391677697451,low,-2.518871141909699,-0.03835939449015768,42,2806
matched_hour_weekday,T3/S06,sma_21_slope_4,0.08009197977123851,0.4199080202287615,low,-1.2859523809523807,0.04285714285697395,42,2806
matched_hour_weekday,T3/S06,close_minus_sma_50,0.08013440586498322,0.4198655941350168,low,-6.201500000000237,0.18109999999990123,42,2806
matched_hour_weekday,T3/S06,cci_34,0.08172114177103486,0.41827885822896516,low,-122.94495192291006,1.166705815921044,42,2806
matched_hour_weekday,T3/S06,wma_50_slope_4,0.08297271153650342,0.41702728846349657,low,-1.0769098039215805,0.03664313725482771,42,2806
matched_hour_weekday,T3/S06,mom_20,0.08345636900519295,0.41654363099480707,low,-6.259999999999991,0.08000000000004093,42,2806
matched_hour_weekday,T3/S06,ema_21_minus_ema_50,0.08369819773953772,0.4163018022604623,low,-3.294868594578247,0.12313228815605726,42,2806
matched_hour_weekday,T3/S06,adx_14_adx_14,0.9144859654481893,0.4144859654481893,high,47.407850676695986,23.31956762178939,42,2806
matched_hour_weekday,T3/S06,wma_21_minus_wma_50,0.08693955130163256,0.41306044869836744,low,-3.085884288260786,0.10763733129624597,42,2806
matched_hour_weekday,T3/S06,wma_21_slope_4,0.0902487866137189,0.40975121338628107,low,-1.1957575757573977,-0.008766233766209552,42,2806
matched_hour_weekday,T3/S06,sma_50_slope_4,0.09050334317618706,0.409496656823813,low,-1.0092999999999392,0.04399999999998272,42,2806
matched_hour_weekday,T3/S06,roc_34,0.09280283745714966,0.4071971625428503,low,-0.7694277340107516,0.030344604737093304,42,2806
matched_hour_weekday,T3/S06,adx_7_adx_7,0.9054831483555645,0.40548314835556454,high,53.16102763437364,29.176704647608815,42,2806
matched_hour_weekday,T3/S06,adx_7_dmn_7,0.9021399721684824,0.4021399721684824,high,33.465677404478924,19.570349868402992,42,2806
matched_hour_weekday,T3/S06,rsi_8,0.10298085734650239,0.3970191426534976,low,28.063492307074405,49.279998263265824,42,2806
matched_hour_weekday,T3/S06,aroon_25_aroonosc_25,0.10323541390897055,0.3967645860910295,low,-88.0,12.0,42,2806
matched_hour_weekday,T3/S06,close_minus_sma_21,0.10373179920578353,0.39626820079421643,low,-2.367619047619087,-0.04833333333340306,42,2806
matched_hour_weekday,T3/S06,mom_34,0.1046863863150392,0.39531361368496076,low,-9.745000000000005,0.43000000000006366,42,2806
matched_hour_weekday,T3/S06,efi_13,0.10503003767437125,0.39496996232562875,low,-371.52724534633546,-4.293912407817002,42,2806
matched_hour_weekday,T3/S06,sma_8_minus_sma_21,0.11098241862675219,0.3890175813732478,low,-2.3030952380952385,0.0076190476190731715,42,2806
matched_hour_weekday,T3/S06,sma_21_minus_sma_50,0.11359162339205105,0.3864083766079489,low,-4.1827428571427845,0.11787142857144772,42,2806
matched_hour_weekday,T3/S06,adx_7_dmp_7,0.11702813698537148,0.3829718630146285,low,8.261673995482413,18.44050185891119,42,2806
matched_hour_weekday,T3/S06,aroon_25_aroond_25,0.8827257916709093,0.38272579167090925,high,94.0,19.999999999999996,42,2806
matched_hour_weekday,T3/S06,adx_21_adx_21,0.8804347826086957,0.3804347826086957,high,37.99316913864768,19.797731780920433,42,2806
matched_hour_weekday,T4/S08,rsi_34,0.971895683097896,0.471895683097896,high,68.49960248986201,50.12477597913358,28,10123
matched_hour_weekday,T4/S08,ema_21_minus_ema_50,0.971875706374322,0.47187570637432197,high,7.222116881992633,0.05012055350039191,28,10112
matched_hour_weekday,T4/S08,adx_21_adx_21,0.9703520670012973,0.4703520670012973,high,50.654242837282666,18.730754463178183,28,10132
matched_hour_weekday,T4/S08,ema_50_slope_4,0.9624102904611211,0.46241029046112114,high,2.241267754132309,0.001277969844522886,28,10112
matched_hour_weekday,T4/S08,close_minus_ema_50,0.9602876356238699,0.4602876356238699,high,15.505212167360696,0.043010074888456984,28,10112
matched_hour_weekday,T4/S08,sma_50_slope_4,0.9570542071654611,0.4570542071654611,high,2.3312999999998283,0.021500000000060027,28,10112
matched_hour_weekday,T4/S08,wma_50_slope_4,0.9539337985985533,0.4539337985985533,high,2.4245176470586784,0.0037960784311508178,28,10112
matched_hour_weekday,T4/S08,sma_21_minus_sma_50,0.9538349061934901,0.4538349061934901,high,6.64220952380947,0.07276666666678011,28,10112
matched_hour_weekday,T4/S08,close_minus_sma_50,0.9520142263788427,0.4520142263788427,high,17.500099999999975,0.05470000000013897,28,10112
matched_hour_weekday,T4/S08,adx_21_dmp_21,0.9517405955670859,0.4517405955670859,high,35.098539715669375,20.265796810406613,28,10132
matched_hour_weekday,T4/S08,wma_21_minus_wma_50,0.9510306001356239,0.4510306001356239,high,5.355301247771649,-0.0020080468549394936,28,10112
matched_hour_weekday,T4/S08,rsi_21,0.9467422875190344,0.44674228751903444,high,70.24187297955373,50.15153658146969,28,10132
matched_hour_weekday,T4/S08,roc_34,0.9456523273209699,0.44565232732096993,high,1.0008737153972544,0.00784748065979121,28,10122
matched_hour_weekday,T4/S08,adx_21_dmn_21,0.055989509897918885,0.44401049010208116,low,9.590584786889913,21.38326550792438,28,10132
matched_hour_weekday,T4/S08,mom_34,0.9424926609648008,0.4424926609648008,high,17.75,0.11999999999989086,28,10122
matched_hour_weekday,T4/S08,ema_8_minus_ema_21,0.9356564773560431,0.43565647735604307,high,3.627335063288683,-0.013532223201991656,28,10132
matched_hour_weekday,T4/S08,close_minus_wma_50,0.9341553175858951,0.4341553175858951,high,10.945447058823788,0.017854901960845382,28,10112
matched_hour_weekday,T4/S08,ao,0.9313973836101663,0.43139738361016633,high,7.1170735294118685,-0.046647058823509724,28,10123
matched_hour_weekday,T4/S08,bars_since_ema_8_cross_below_ema_21,0.9292566116636528,0.4292566116636528,high,103.5,23.0,28,10112
matched_hour_weekday,T4/S08,adx_14_dmp_14,0.9255541142631549,0.4255541142631549,high,35.023344564091275,20.139696442487676,28,10132
matched_hour_weekday,T4/S08,adx_14_adx_14,0.9247715864869437,0.4247715864869437,high,52.20224063602786,22.495013220718697,28,10132
matched_hour_weekday,T4/S08,bars_since_ema_8_cross_above_ema_21,0.9177921564195297,0.4177921564195297,high,85.0,24.5,28,10112
matched_hour_weekday,T4/S08,ema_21_slope_4,0.9176258180997519,0.41762581809975186,high,2.115282320215215,-0.005777656714485602,28,10128
matched_hour_weekday,T4/S08,bars_since_sma_21_cross_below_sma_50,0.9163774702439852,0.4163774702439852,high,136.5,45.0,28,10106
matched_hour_weekday,T4/S08,close_minus_ema_21,0.9139219446167729,0.4139219446167729,high,6.827568581611899,0.010637856476932939,28,10132
matched_hour_weekday,T4/S08,bars_since_wma_21_cross_below_wma_50,0.911954217888936,0.41195421788893605,high,128.5,39.0,28,10110
matched_hour_weekday,T4/S08,rsi_14,0.9113840166939259,0.4113840166939259,high,72.44073775164375,50.087213854213175,28,10132
matched_hour_weekday,T4/S08,adx_14_dmn_14,0.09299038407309233,0.40700961592690765,low,9.33354537305154,21.253807213496412,28,10132
matched_hour_weekday,T4/S08,mom_10,0.8973320032711072,0.3973320032711072,high,5.169999999999959,-0.049999999999954525,28,10132
matched_hour_weekday,T4/S08,roc_10,0.896445490948057,0.39644549094805703,high,0.3332427133451538,-0.0033087247627556536,28,10132
matched_hour_weekday,T4/S08,bbands_34_bbb_34_2_0,0.8962546393643894,0.3962546393643894,high,1.5567564941430596,0.4044056945687373,28,10123
matched_hour_weekday,T4/S08,sma_21_slope_4,0.8957257814263146,0.39572578142631465,high,2.0145238095240074,-0.01666666666665151,28,10128
matched_hour_weekday,T4/S08,close_minus_sma_21,0.887104506232023,0.38710450623202297,high,5.429285714285584,-0.029047619047673834,28,10132
matched_hour_weekday,T4/S08,wma_21_slope_4,0.8822870824870231,0.38228708248702314,high,1.5312554112554153,-0.027272727272475095,28,10128
matched_hour_weekday,T4/S08,efi_13,0.8819334780892222,0.3819334780892222,high,1020.4468550447682,0.005399086341068685,28,10132
matched_hour_weekday,T4/S08,close_minus_wma_21,0.8745822993626982,0.37458229936269816,high,4.388290043289771,-0.00012987012996745761,28,10132
matched_hour_weekday,T4/S08,adx_7_dmp_7,0.8721131069877616,0.37211310698776157,high,36.478274159326624,19.332580350076462,28,10132
matched_hour_weekday,T4/S08,bars_since_ema_21_cross_below_ema_50,0.862340006216094,0.36234000621609397,high,187.5,66.0,28,10112
matched_hour_weekday,T4/S08,wma_8_minus_wma_21,0.8581368789126389,0.3581368789126389,high,1.4203571428571422,-0.017469336219392062,28,10132
matched_hour_weekday,T4/S08,rsi_8,0.8555355027917207,0.35553550279172075,high,75.25146015251859,50.14026056564306,28,10132
matched_hour_weekday,T5/S09,cmo_14,0.9702486331047838,0.4702486331047838,high,70.09360107384542,3.4176972564396744,38,10762
matched_hour_weekday,T5/S09,fisher_14,0.9694808243429611,0.4694808243429611,high,4.259351283794863,0.24191658920682974,38,10762
matched_hour_weekday,T5/S09,fisher_9,0.9666369976232162,0.4666369976232162,high,3.966430052897723,0.17331240753925864,38,10762
matched_hour_weekday,T5/S09,adx_7_adx_7,0.9636122223417678,0.4636122223417678,high,70.74473257898308,34.543832498056375,38,10762
matched_hour_weekday,T5/S09,cmo_21,0.9609579025616448,0.4609579025616448,high,59.309741277054044,1.9676119448197962,38,10762
matched_hour_weekday,T5/S09,chop_14,0.04535695771672258,0.45464304228327745,low,28.562266191133382,49.82416528488195,38,10762
matched_hour_weekday,T5/S09,adx_14_dmp_14,0.949627832823091,0.44962783282309104,high,40.65743127906925,20.597021073395005,38,10762
matched_hour_weekday,T5/S09,wma_21_slope_4,0.9480799890452762,0.44807998904527624,high,2.282943722943628,0.07376623376637781,38,10762
matched_hour_weekday,T5/S09,adx_14_dmn_14,0.052670702960709706,0.44732929703929025,low,6.802318280731812,20.440528781583666,38,10762
matched_hour_weekday,T5/S09,rsi_14,0.9471251185946654,0.4471251185946654,high,75.67125650894457,51.391823541289995,38,10762
matched_hour_weekday,T5/S09,chop_21,0.054356703410635865,0.4456432965893642,low,30.76067762787498,49.10621677145167,38,10762
matched_hour_weekday,T5/S09,ema_8_minus_ema_21,0.945297293596377,0.44529729359637704,high,2.612664826235232,0.09132061864522711,38,10762
matched_hour_weekday,T5/S09,ema_21_slope_4,0.9451652500513503,0.4451652500513503,high,2.0057967738950992,0.07108280455088334,38,10762
matched_hour_weekday,T5/S09,adx_7_dmn_7,0.05492522422950146,0.4450747757704986,low,3.0831461668574125,19.509393231097214,38,10762
matched_hour_weekday,T5/S09,sma_8_minus_sma_21,0.9442678429953345,0.4442678429953345,high,3.4360416666667106,0.11925595238096776,38,10762
matched_hour_weekday,T5/S09,roc_20,0.9435953990160311,0.44359539901603107,high,0.7091629305561695,0.01976759834940335,38,10762
matched_hour_weekday,T5/S09,wma_8_minus_wma_21,0.9435073699860131,0.44350736998601314,high,2.8443668831168907,0.08927128427137632,38,10762
matched_hour_weekday,T5/S09,ao,0.9424974813916412,0.44249748139164125,high,5.471955882353086,0.15785294117631565,38,10762
matched_hour_weekday,T5/S09,hma_32_slope_4,0.939998825952324,0.439998825952324,high,3.280618872548871,0.10068360071295501,38,10759
matched_hour_weekday,T5/S09,sma_21_slope_4,0.9397416837019141,0.43974168370191413,high,1.5650000000000546,0.0371428571428396,38,10762
matched_hour_weekday,T5/S09,adx_21_dmp_21,0.9378197165465234,0.4378197165465234,high,35.29053172241463,20.629279441118165,38,10762
matched_hour_weekday,T5/S09,rsi_21,0.937319662751005,0.437319662751005,high,71.67071937149814,51.16005295516931,38,10762
matched_hour_weekday,T5/S09,adx_7_dmp_7,0.9371888418313951,0.43718884183139506,high,46.7109433532613,20.019350051084984,38,10762
matched_hour_weekday,T5/S09,close_minus_wma_50,0.9371211750305997,0.43712117503059966,high,7.47007058823533,0.25311372549003863,38,10750
matched_hour_weekday,T5/S09,mom_20,0.9351152691243068,0.43511526912430676,high,9.120000000000005,0.2699999999999818,38,10762
matched_hour_weekday,T5/S09,close_minus_sma_21,0.9346127700779546,0.4346127700779546,high,6.536190476190427,0.20380952380958206,38,10762
matched_hour_weekday,T5/S09,wma_50_slope_4,0.9299779681762547,0.42997796817625467,high,1.1811254901958819,0.03990588235296855,38,10750
matched_hour_weekday,T5/S09,close_minus_sma_50,0.9296328029375764,0.42963280293757644,high,8.399299999999926,0.2901999999999134,38,10750
matched_hour_weekday,T5/S09,close_minus_ema_21,0.9275594440477704,0.42755944404777035,high,5.5195793723906945,0.1707133286803355,38,10762
matched_hour_weekday,T5/S09,rsi_8,0.9262316728450005,0.4262316728450005,high,81.74286563685499,51.50172537454661,38,10762
matched_hour_weekday,T5/S09,ema_8_slope_4,0.926109410303309,0.42610941030330896,high,2.9269071157912094,0.08504892886469406,38,10762
matched_hour_weekday,T5/S09,ema_50_slope_4,0.9244651162790698,0.4244651162790698,high,1.0533988880986271,0.041948168983367395,38,10750
matched_hour_weekday,T5/S09,sma_8_slope_4,0.9240028267099639,0.4240028267099639,high,2.917500000000018,0.08375000000012278,38,10762
matched_hour_weekday,T5/S09,roc_34,0.9239893778303778,0.4239893778303778,high,0.6763491467873244,0.0037898661435571664,38,10762
matched_hour_weekday,T5/S09,roc_10,0.9228694529484835,0.42286945294848355,high,0.5607799691805464,0.015282660694305969,38,10762
matched_hour_weekday,T5/S09,aroon_14_aroonosc_14,0.9215123387357076,0.4215123387357076,high,92.85714285714286,21.42857142857143,38,10762
matched_hour_weekday,T5/S09,close_minus_ema_50,0.9182301101591187,0.4182301101591187,high,6.892113831422989,0.29492482948012366,38,10750
matched_hour_weekday,T5/S09,mom_34,0.916181691917957,0.41618169191795695,high,9.895000000000095,0.049999999999954525,38,10762
matched_hour_weekday,T5/S09,adx_21_dmn_21,0.08438560627549174,0.41561439372450826,low,10.50790341153881,20.800038843689414,38,10762
matched_hour_weekday,T5/S09,mom_10,0.9155214741928227,0.4155214741928227,high,7.449999999999932,0.22000000000002728,38,10762
matched_hour_weekday,T5/S10,fisher_9,0.8432814368629515,0.34328143686295154,high,2.500769259169733,-0.030199407405067602,57,7995
matched_hour_weekday,T5/S10,fisher_14,0.8364174977782166,0.3364174977782166,high,2.840730021109093,0.018586912671873172,57,7995
matched_hour_weekday,T5/S10,wma_8_minus_wma_21,0.828939139593825,0.32893913959382504,high,1.4300974025970845,-0.009015151515086473,57,7995
matched_hour_weekday,T5/S10,sma_8_minus_sma_21,0.8238273921200752,0.32382739212007516,high,2.0158333333333758,-0.005297619047723856,57,7995
matched_hour_weekday,T5/S10,sma_8_slope_4,0.8237242574854897,0.3237242574854897,high,1.7187499999997726,-0.022499999999809006,57,7995
matched_hour_weekday,T5/S10,adx_7_adx_7,0.8194419757962762,0.3194419757962762,high,49.57079886807881,30.919379700264635,57,7995
matched_hour_weekday,T5/S10,hma_32_slope_4,0.8169578929798206,0.3169578929798206,high,1.6487945632798073,-0.0158449569221375,57,7988
matched_hour_weekday,T5/S10,wma_21_slope_4,0.8159935485994536,0.3159935485994536,high,1.2492207792208774,-0.0022510822511776496,57,7995
matched_hour_weekday,T5/S10,roc_10,0.8120075046904314,0.31200750469043137,high,0.24795046723614317,-0.003408103333689978,57,7995
matched_hour_weekday,T5/S10,ema_21_slope_4,0.8111955937373139,0.31119559373731387,high,0.9996970088261605,0.003412837583482542,57,7995
matched_hour_weekday,T5/S10,mom_10,0.8082145639270158,0.30821456392701585,high,3.7000000000000455,-0.049999999999954525,57,7995
matched_hour_weekday,T5/S10,ema_8_slope_4,0.8062758522322064,0.30627585223220644,high,1.3945412601065073,-0.02604704891155052,57,7995
matched_hour_weekday,T5/S10,adx_7_dmn_7,0.19628495880100502,0.30371504119899495,low,8.542378386758257,20.189903605810716,57,7995
matched_hour_weekday,T5/S10,close_minus_sma_21,0.8023797768342056,0.3023797768342056,high,3.0123809523809086,-0.019047619047569242,57,7995
matched_hour_weekday,T5/S10,wma_8_slope_4,0.798361914793237,0.29836191479323704,high,1.4333333333329392,-0.026666666666869787,57,7995
matched_hour_weekday,T5/S10,adx_14_dmn_14,0.20272758193168977,0.2972724180683102,low,11.906825167696711,20.754280545982144,57,7995
matched_hour_weekday,T5/S10,ema_8_minus_ema_21,0.7969564311027725,0.2969564311027725,high,1.5351820289949956,0.001863575372908599,57,7995
matched_hour_weekday,T5/S10,cmo_14,0.7964802563005386,0.29648025630053865,high,39.89455184534519,0.37082818294161174,57,7995
matched_hour_weekday,T5/S10,close_minus_wma_21,0.7942837080192664,0.2942837080192664,high,1.832813852813615,-0.023203463203344654,57,7995
matched_hour_weekday,T5/S10,close_minus_ema_21,0.7912181955827655,0.2912181955827655,high,2.615958672775605,-0.01484634101325355,57,7995
matched_hour_weekday,T5/S10,hma_16_slope_4,0.7876435930351207,0.28764359303512066,high,2.1110588235296746,-0.03304248366043794,57,7995
matched_hour_weekday,T5/S10,chop_14,0.2170216034144147,0.2829783965855853,low,40.22032411861906,50.395334895831326,57,7995
matched_hour_weekday,T5/S10,close_minus_wma_50,0.7824996320775647,0.2824996320775647,high,3.698760784313663,-0.006556862744901082,57,7987
matched_hour_weekday,T5/S10,ao,0.7822023460603706,0.28220234606037065,high,3.48652941176465,0.02926470588226948,57,7991
matched_hour_weekday,T5/S10,adx_21_dmn_21,0.2196877434361388,0.28031225656386116,low,14.518707410249492,20.864294760509186,57,7995
matched_hour_weekday,T5/S10,rsi_14,0.7797241697113328,0.27972416971133285,high,63.421538183808124,49.89570916712228,57,7995
matched_hour_weekday,T5/S10,aroon_14_aroonosc_14,0.7792337316085711,0.2792337316085711,high,71.42857142857143,-7.142857142857139,57,7995
matched_hour_weekday,T5/S10,cmo_9,0.7763251154778754,0.2763251154778754,high,43.17343173431945,-0.9009009008999782,57,7995
matched_hour_weekday,T5/S10,ema_50_slope_4,0.7761428110152683,0.2761428110152683,high,0.6239958354024111,0.01078834943155016,57,7987
matched_hour_weekday,T5/S10,efi_13,0.7742031752301328,0.2742031752301328,high,282.00866913892156,-5.757998443453788,57,7995
matched_hour_weekday,T5/S10,rsi_8,0.7727197919752478,0.27271979197524776,high,66.47511189912463,49.78589832795977,57,7995
matched_hour_weekday,T5/S10,rsi_21,0.772250200234796,0.27225020023479596,high,60.74218823810182,49.94923915088999,57,7995
matched_hour_weekday,T5/S10,wma_50_slope_4,0.7678003070779489,0.2678003070779489,high,0.6556549019608156,0.01411764705881069,57,7987
matched_hour_weekday,T5/S10,adx_14_dmp_14,0.7675103957517307,0.26751039575173075,high,27.811712568795063,19.723972285749326,57,7995
matched_hour_weekday,T5/S10,aroon_14_aroonu_14,0.7673326530836158,0.26733265308361576,high,85.71428571428572,42.85714285714286,57,7995
matched_hour_weekday,T5/S10,close_minus_ema_50,0.7673148691184578,0.2673148691184578,high,3.528350478303082,0.03105178133409936,57,7987
matched_hour_weekday,T5/S10,roc_20,0.766163062440341,0.26616306244034105,high,0.4103218747150479,0.0020330299600829957,57,7995
matched_hour_weekday,T5/S10,adx_21_dmp_21,0.7644031905906103,0.26440319059061035,high,26.864782047340775,19.973092791963282,57,7995
matched_hour_weekday,T5/S10,mom_20,0.7641124386952372,0.26411243869523715,high,5.849999999999909,0.029999999999972715,57,7995
matched_hour_weekday,T5/S10,close_minus_sma_50,0.761780656725073,0.261780656725073,high,4.187400000000025,0.059599999999818465,57,7987
matched_hour_weekday,T6/S12,adx_7_dmp_7,0.04690151325488888,0.4530984867451111,low,4.658604264680337,19.680419728656197,92,6252
matched_hour_weekday,T6/S12,adx_14_dmp_14,0.06301287935686667,0.4369871206431333,low,9.709226741289157,20.21494556831469,92,6252
matched_hour_weekday,T6/S12,cci_34,0.06695735692262719,0.43304264307737284,low,-205.1434892233737,-1.7096361309076087,92,6247
matched_hour_weekday,T6/S12,cmo_9,0.06957078082839578,0.43042921917160426,low,-63.44930528032522,0.0,92,6252
matched_hour_weekday,T6/S12,fisher_9,0.06978636401568888,0.43021363598431117,low,-2.801409703318157,0.01246649980598459,92,6252
matched_hour_weekday,T6/S12,rsi_14,0.0711450596678628,0.4288549403321372,low,31.177614916139404,50.135258012497175,92,6252
matched_hour_weekday,T6/S12,fisher_14,0.0760695707808284,0.42393042921917157,low,-2.8657944629200514,-0.015249074656196883,92,6252
matched_hour_weekday,T6/S12,ema_8_slope_4,0.07622430387493394,0.42377569612506605,low,-1.576868506380265,0.003965656296259112,92,6252
matched_hour_weekday,T6/S12,ema_21_slope_4,0.07687279201090433,0.42312720798909564,low,-0.9324425466101047,-0.006661722085027577,92,6252
matched_hour_weekday,T6/S12,bbands_34_bbp_34_2_0,0.07753460791614758,0.42246539208385236,low,-0.04383439380749917,0.496530445614808,92,6247
matched_hour_weekday,T6/S12,wma_8_minus_wma_21,0.07772730117666694,0.42227269882333307,low,-1.3058567821069573,-0.01402597402613992,92,6252
matched_hour_weekday,T6/S12,wma_21_slope_4,0.07858615677765722,0.42141384322234277,low,-1.0285281385283724,-0.0228571428573332,92,6252
matched_hour_weekday,T6/S12,wma_8_slope_4,0.0793450443684108,0.42065495563158917,low,-1.7697222222224127,0.004861111111381433,92,6252
matched_hour_weekday,T6/S12,cmo_21,0.0805637848062533,0.41943621519374674,low,-40.990270270269434,-0.895457005179948,92,6252
matched_hour_weekday,T6/S12,sma_8_slope_4,0.08124617513699964,0.4187538248630004,low,-1.5049999999998818,0.002499999999940883,92,6252
matched_hour_weekday,T6/S12,adx_14_dmn_14,0.9183809007204652,0.4183809007204652,high,35.58214307091839,21.36057687654204,92,6252
matched_hour_weekday,T6/S12,rsi_8,0.08163735430749117,0.4183626456925088,low,24.458339205240385,50.244723205449915,92,6252
matched_hour_weekday,T6/S12,roc_10,0.0819859384127514,0.41801406158724863,low,-0.2614163611418514,0.0019928919510126555,92,6252
matched_hour_weekday,T6/S12,cmo_14,0.08227801886005173,0.4177219811399483,low,-52.44374206844766,-0.3707845830573831,92,6252
matched_hour_weekday,T6/S12,adx_7_dmn_7,0.9168961584466885,0.4168961584466885,high,41.86865452585641,20.7958623981453,92,6252
matched_hour_weekday,T6/S12,close_minus_sma_21,0.08368539458677571,0.4163146054132243,low,-2.9914285714285143,-0.015714285714466314,92,6252
matched_hour_weekday,T6/S12,close_minus_ema_21,0.08839432251244819,0.41160567748755184,low,-2.531611702992109,0.015847961881604533,92,6252
matched_hour_weekday,T6/S12,mom_10,0.0890028234443239,0.41099717655567614,low,-3.689999999999941,0.029999999999972715,92,6252
matched_hour_weekday,T6/S12,rsi_21,0.08933228323458232,0.4106677167654177,low,36.36245159994198,50.16946655677313,92,6252
matched_hour_weekday,T6/S12,ema_8_minus_ema_21,0.09159329884002336,0.4084067011599767,low,-1.1561232022456807,-0.011484446485496846,92,6252
matched_hour_weekday,T6/S12,close_minus_wma_21,0.09277900637013548,0.4072209936298645,low,-2.303593073593106,0.009956709956782106,92,6252
matched_hour_weekday,T6/S12,close_minus_wma_50,0.09328607637244798,0.406713923627552,low,-3.3433921568627056,0.016878431372447267,92,6244
matched_hour_weekday,T6/S12,cci_20,0.09361178335975967,0.4063882166402404,low,-184.48200554860503,-2.9006622254992522,92,6252
matched_hour_weekday,T6/S12,hma_16_slope_4,0.09361178335975964,0.4063882166402404,low,-2.182377859477242,0.024408088235190917,92,6252
matched_hour_weekday,T6/S12,roc_20,0.09927084202620379,0.40072915797379616,low,-0.3443044672886948,-0.0057014654472714865,92,6252
matched_hour_weekday,T6/S12,adx_21_dmp_21,0.10073472141088766,0.3992652785891123,low,12.643214928293112,20.32591210590229,92,6252
matched_hour_weekday,T6/S12,adx_21_dmn_21,0.8966191688224986,0.3966191688224986,high,31.222138581913512,21.484880043907665,92,6252
matched_hour_weekday,T6/S12,mom_20,0.10778290077609949,0.39221709922390047,low,-4.680000000000064,-0.07999999999992724,92,6252
matched_hour_weekday,T6/S12,hma_32_slope_4,0.10873743141241679,0.39126256858758324,low,-1.3796352495540987,-0.015527072192298874,92,6244
matched_hour_weekday,T6/S12,sma_8_minus_sma_21,0.11192766140921862,0.3880723385907814,low,-1.4385416666667652,-0.03553571428585656,92,6252
matched_hour_weekday,T6/S12,bbands_20_bbp_20_2_0,0.11440860663718044,0.38559139336281956,low,0.006242248179724769,0.4982558760180876,92,6252
matched_hour_weekday,T6/S12,close_minus_ema_50,0.11799675514580954,0.38200324485419046,low,-3.362233647374296,0.07108557535048021,92,6244
matched_hour_weekday,T6/S12,ao,0.1183977004614389,0.38160229953856106,low,-2.4906617647058056,-0.0192352941178342,92,6247
matched_hour_weekday,T6/S12,aroon_25_aroond_25,0.8782893821803109,0.37828938218031094,high,100.0,36.0,92,6252
matched_hour_weekday,T6/S12,close_minus_sma_50,0.12236181516864886,0.37763818483135114,low,-3.606400000000008,0.06969999999989795,92,6244
